ID,Parent,Type,Epic,Feature,Title,Description,Priority,Milestone,Dependencies,StoryPoints,EstimateHours,Owner,Risk,Status,DocumentRefs,AcceptanceCriteria
E-0001,,Epic,Documentation Governance & Frozen Baseline,,Documentation Governance & Frozen Baseline,Deliver the Documentation Governance & Frozen Baseline outcome and satisfy its quality gates.,P0,M0,,48,240,Governance,High,In Progress,README.md,All child features accepted; blocking risks closed; RTM and release evidence updated.
F-0001,E-0001,Feature,Documentation Governance & Frozen Baseline,Governance framework,Governance framework,Provide the Governance framework capability within Documentation Governance & Frozen Baseline.,P0,M0,E-0001,16,80,Governance,Medium,Planned,See Owner Document Registry,Both child stories meet acceptance criteria and integration risks are resolved.
S-0001,F-0001,Story,Documentation Governance & Frozen Baseline,Governance framework,Make the Charter and policies authoritative,"New contributors can identify lifecycle, owner and forbidden actions.",P0,M0,F-0001,8,40,Governance,Medium,Planned,See RTM/Owner Document,"New contributors can identify lifecycle, owner and forbidden actions."
T-0001,S-0001,Task,Documentation Governance & Frozen Baseline,Governance framework,Define and integrate authoritative documentation for: Make the Charter and policies authoritative,Create the server-side/domain foundation required by story S-0001.,P0,M0,S-0001,3,16,Governance,Medium,Planned,See story and RTM,Code/design reviewed; contracts validated; error and authorization paths covered.
T-0002,S-0001,Task,Documentation Governance & Frozen Baseline,Governance framework,Implement validation and control artifacts for: Make the Charter and policies authoritative,Complete the integrated workflow and user/operator experience for story S-0001.,P0,M0,T-0001,3,16,Governance,Medium,Planned,See story and component/API specs,Happy path and documented recovery paths work in the target environment.
ST-0001,T-0002,Subtask,Documentation Governance & Frozen Baseline,Governance framework,Review findings and verify traceability for: Make the Charter and policies authoritative,Provide verification and operational evidence for story S-0001.,P0,M0,T-0002,2,8,Governance,Medium,Planned,Testing Strategy; Observability; RTM,Required test suites pass; telemetry is queryable; documentation and RTM are updated.
S-0002,F-0001,Story,Documentation Governance & Frozen Baseline,Governance framework,Automate documentation quality gates,Every change produces deterministic validation and audit evidence.,P0,M0,ST-0001,8,40,Governance,Medium,Planned,See RTM/Owner Document,Every change produces deterministic validation and audit evidence.
T-0003,S-0002,Task,Documentation Governance & Frozen Baseline,Governance framework,Define and integrate authoritative documentation for: Automate documentation quality gates,Create the server-side/domain foundation required by story S-0002.,P0,M0,S-0002,3,16,Governance,Medium,Planned,See story and RTM,Code/design reviewed; contracts validated; error and authorization paths covered.
T-0004,S-0002,Task,Documentation Governance & Frozen Baseline,Governance framework,Implement validation and control artifacts for: Automate documentation quality gates,Complete the integrated workflow and user/operator experience for story S-0002.,P0,M0,T-0003,3,16,Governance,Medium,Planned,See story and component/API specs,Happy path and documented recovery paths work in the target environment.
ST-0002,T-0004,Subtask,Documentation Governance & Frozen Baseline,Governance framework,Review findings and verify traceability for: Automate documentation quality gates,Provide verification and operational evidence for story S-0002.,P0,M0,T-0004,2,8,Governance,Medium,Planned,Testing Strategy; Observability; RTM,Required test suites pass; telemetry is queryable; documentation and RTM are updated.
F-0002,E-0001,Feature,Documentation Governance & Frozen Baseline,Requirements and traceability,Requirements and traceability,Provide the Requirements and traceability capability within Documentation Governance & Frozen Baseline.,P0,M0,ST-0002,16,80,Governance,Medium,Planned,See Owner Document Registry,Both child stories meet acceptance criteria and integration risks are resolved.
S-0003,F-0002,Story,Documentation Governance & Frozen Baseline,Requirements and traceability,Establish stable requirement identifiers,All Must requirements have immutable IDs and owner documents.,P0,M0,F-0002,8,40,Governance,Medium,Planned,See RTM/Owner Document,All Must requirements have immutable IDs and owner documents.
T-0005,S-0003,Task,Documentation Governance & Frozen Baseline,Requirements and traceability,Define and integrate authoritative documentation for: Establish stable requirement identifiers,Create the server-side/domain foundation required by story S-0003.,P0,M0,S-0003,3,16,Governance,Medium,Planned,See story and RTM,Code/design reviewed; contracts validated; error and authorization paths covered.
T-0006,S-0003,Task,Documentation Governance & Frozen Baseline,Requirements and traceability,Implement validation and control artifacts for: Establish stable requirement identifiers,Complete the integrated workflow and user/operator experience for story S-0003.,P0,M0,T-0005,3,16,Governance,Medium,Planned,See story and component/API specs,Happy path and documented recovery paths work in the target environment.
ST-0003,T-0006,Subtask,Documentation Governance & Frozen Baseline,Requirements and traceability,Review findings and verify traceability for: Establish stable requirement identifiers,Provide verification and operational evidence for story S-0003.,P0,M0,T-0006,2,8,Governance,Medium,Planned,Testing Strategy; Observability; RTM,Required test suites pass; telemetry is queryable; documentation and RTM are updated.
S-0004,F-0002,Story,Documentation Governance & Frozen Baseline,Requirements and traceability,Complete the RTM graph,"Requirements link to design, tests, roadmap and release evidence.",P0,M0,ST-0003,8,40,Governance,Medium,Planned,See RTM/Owner Document,"Requirements link to design, tests, roadmap and release evidence."
T-0007,S-0004,Task,Documentation Governance & Frozen Baseline,Requirements and traceability,Define and integrate authoritative documentation for: Complete the RTM graph,Create the server-side/domain foundation required by story S-0004.,P0,M0,S-0004,3,16,Governance,Medium,Planned,See story and RTM,Code/design reviewed; contracts validated; error and authorization paths covered.
T-0008,S-0004,Task,Documentation Governance & Frozen Baseline,Requirements and traceability,Implement validation and control artifacts for: Complete the RTM graph,Complete the integrated workflow and user/operator experience for story S-0004.,P0,M0,T-0007,3,16,Governance,Medium,Planned,See story and component/API specs,Happy path and documented recovery paths work in the target environment.
ST-0004,T-0008,Subtask,Documentation Governance & Frozen Baseline,Requirements and traceability,Review findings and verify traceability for: Complete the RTM graph,Provide verification and operational evidence for story S-0004.,P0,M0,T-0008,2,8,Governance,Medium,Planned,Testing Strategy; Observability; RTM,Required test suites pass; telemetry is queryable; documentation and RTM are updated.
F-0003,E-0001,Feature,Documentation Governance & Frozen Baseline,Decision and change control,Decision and change control,Provide the Decision and change control capability within Documentation Governance & Frozen Baseline.,P0,M0,ST-0004,16,80,Governance,Medium,Planned,See Owner Document Registry,Both child stories meet acceptance criteria and integration risks are resolved.
S-0005,F-0003,Story,Documentation Governance & Frozen Baseline,Decision and change control,Operate ADR lifecycle,Architectural decisions preserve alternatives and consequences.,P0,M0,F-0003,8,40,Governance,Medium,Planned,See RTM/Owner Document,Architectural decisions preserve alternatives and consequences.
T-0009,S-0005,Task,Documentation Governance & Frozen Baseline,Decision and change control,Define and integrate authoritative documentation for: Operate ADR lifecycle,Create the server-side/domain foundation required by story S-0005.,P0,M0,S-0005,3,16,Governance,Medium,Planned,See story and RTM,Code/design reviewed; contracts validated; error and authorization paths covered.
T-0010,S-0005,Task,Documentation Governance & Frozen Baseline,Decision and change control,Implement validation and control artifacts for: Operate ADR lifecycle,Complete the integrated workflow and user/operator experience for story S-0005.,P0,M0,T-0009,3,16,Governance,Medium,Planned,See story and component/API specs,Happy path and documented recovery paths work in the target environment.
ST-0005,T-0010,Subtask,Documentation Governance & Frozen Baseline,Decision and change control,Review findings and verify traceability for: Operate ADR lifecycle,Provide verification and operational evidence for story S-0005.,P0,M0,T-0010,2,8,Governance,Medium,Planned,Testing Strategy; Observability; RTM,Required test suites pass; telemetry is queryable; documentation and RTM are updated.
S-0006,F-0003,Story,Documentation Governance & Frozen Baseline,Decision and change control,Operate Change Requests,"Baseline changes have impact analysis, approval and verification.",P0,M0,ST-0005,8,40,Governance,Medium,Planned,See RTM/Owner Document,"Baseline changes have impact analysis, approval and verification."
T-0011,S-0006,Task,Documentation Governance & Frozen Baseline,Decision and change control,Define and integrate authoritative documentation for: Operate Change Requests,Create the server-side/domain foundation required by story S-0006.,P0,M0,S-0006,3,16,Governance,Medium,Planned,See story and RTM,Code/design reviewed; contracts validated; error and authorization paths covered.
T-0012,S-0006,Task,Documentation Governance & Frozen Baseline,Decision and change control,Implement validation and control artifacts for: Operate Change Requests,Complete the integrated workflow and user/operator experience for story S-0006.,P0,M0,T-0011,3,16,Governance,Medium,Planned,See story and component/API specs,Happy path and documented recovery paths work in the target environment.
ST-0006,T-0012,Subtask,Documentation Governance & Frozen Baseline,Decision and change control,Review findings and verify traceability for: Operate Change Requests,Provide verification and operational evidence for story S-0006.,P0,M0,T-0012,2,8,Governance,Medium,Planned,Testing Strategy; Observability; RTM,Required test suites pass; telemetry is queryable; documentation and RTM are updated.
E-0002,,Epic,Platform Foundation,,Platform Foundation,Deliver the Platform Foundation outcome and satisfy its quality gates.,P0,M1,E-0001,63,312,Platform,High,Planned,README.md,All child features accepted; blocking risks closed; RTM and release evidence updated.
F-0004,E-0002,Feature,Platform Foundation,Repository and application skeleton,Repository and application skeleton,Provide the Repository and application skeleton capability within Platform Foundation.,P0,M1,E-0002,16,80,Platform,Medium,Planned,See Owner Document Registry,Both child stories meet acceptance criteria and integration risks are resolved.
S-0007,F-0004,Story,Platform Foundation,Repository and application skeleton,Create GitHub governed repository structure,"Create the canonical GitHub repository, protected branches, documentation links and monorepo skeleton.",P0,M1,F-0004,8,40,Platform,Medium,Planned,11_Engineering_Operations/01_Developer_Handbook.md; ADR-0013,"Create the canonical GitHub repository, protected branches, documentation links and monorepo skeleton."
T-0013,S-0007,Task,Platform Foundation,Repository and application skeleton,Implement architecture and controls for: Create GitHub governed repository structure,Implement architecture and controls for: Create GitHub governed repository structure,P0,M1,S-0007,3,16,Platform,Medium,Planned,See story and RTM,Implement architecture and controls for: Create GitHub governed repository structure completed with evidence linked to the story.
T-0014,S-0007,Task,Platform Foundation,Repository and application skeleton,Integrate end-to-end workflow for: Create GitHub governed repository structure,Integrate end-to-end workflow for: Create GitHub governed repository structure,P0,M1,T-0013,3,16,Platform,Medium,Planned,See story and component/API specs,Integrate end-to-end workflow for: Create GitHub governed repository structure completed with evidence linked to the story.
ST-0007,T-0014,Subtask,Platform Foundation,Repository and application skeleton,"Verify accessibility, performance, observability and traceability for: Create GitHub governed repository structure","Verify accessibility, performance, observability and traceability for: Create GitHub governed repository structure",P0,M1,T-0014,2,8,Platform,Medium,Planned,Testing Strategy; Observability; RTM,"Verify accessibility, performance, observability and traceability for: Create GitHub governed repository structure completed with evidence linked to the story."
S-0008,F-0004,Story,Platform Foundation,Repository and application skeleton,"Establish React/Vite, Vercel and Supabase application environments","Create reproducible local, preview, staging and production environments for the current React/Vite stack and Supabase services; PC Worker remains inactive until Phase 2 hardening.",P0,M1,ST-0007,8,40,Platform,Medium,Planned,ADR-0018; ADR-0019; 02_Architecture/07_Frontend_Architecture.md; 11_Engineering_Operations/07_Environment_Configuration.md,React/Vite build deploys to Vercel preview; Supabase project/migrations/functions are reproducible; no worker dependency for public site.
T-0015,S-0008,Task,Platform Foundation,Repository and application skeleton,Create React/Vite application skeleton and Supabase local/preview integration,"Configure TypeScript, Vite, Router, Query, forms, Zod, Tailwind/shadcn and Supabase typed adapters.",P0,M1,S-0008,3,16,Platform,Medium,Planned,ADR-0018; ADR-0019,"Build, typecheck and preview pass; environment boundaries and public keys are documented."
T-0016,S-0008,Task,Platform Foundation,Repository and application skeleton,Configure Vercel/Supabase environment promotion and secret boundaries,"Implement preview/staging/production configuration, migrations and Edge Function deployment without exposing service credentials.",P0,M1,T-0015,3,16,Platform,Medium,Planned,ADR-0019; 11_Engineering_Operations/03_CICD_Deployment.md,Promotion is repeatable; secret scan passes; rollback/repair evidence exists.
ST-0008,T-0016,Subtask,Platform Foundation,Repository and application skeleton,Verify platform foundation and PC-worker independence,Test public site and Command Center foundation while PC Worker is offline.,P0,M1,T-0016,2,8,Platform,Medium,Planned,Testing Strategy; Observability; RTM,Site core remains operational with worker offline; checks linked to ADR-0013/18/19.
F-0005,E-0002,Feature,Platform Foundation,Identity and access,Identity and access,Provide the Identity and access capability within Platform Foundation.,P0,M1,ST-0008,26,128,Platform,High,Planned,See Owner Document Registry,Both child stories meet acceptance criteria and integration risks are resolved.
S-0009,F-0005,Story,Platform Foundation,Identity and access,Implement authentication and session security,Users authenticate with revocable sessions and secure defaults.,P0,M1,F-0005,13,64,Platform,High,Planned,See RTM/Owner Document,Users authenticate with revocable sessions and secure defaults.
T-0017,S-0009,Task,Platform Foundation,Identity and access,"Implement service, data and security controls for: Implement authentication and session security",Create the server-side/domain foundation required by story S-0009.,P0,M1,S-0009,5,24,Platform,High,Planned,See story and RTM,Code/design reviewed; contracts validated; error and authorization paths covered.
T-0018,S-0009,Task,Platform Foundation,Identity and access,Integrate end-to-end workflow for: Implement authentication and session security,Complete the integrated workflow and user/operator experience for story S-0009.,P0,M1,T-0017,5,24,Platform,High,Planned,See story and component/API specs,Happy path and documented recovery paths work in the target environment.
ST-0009,T-0018,Subtask,Platform Foundation,Identity and access,"Add automated tests, observability and runbook for: Implement authentication and session security",Provide verification and operational evidence for story S-0009.,P0,M1,T-0018,3,16,Platform,Medium,Planned,Testing Strategy; Observability; RTM,Required test suites pass; telemetry is queryable; documentation and RTM are updated.
S-0010,F-0005,Story,Platform Foundation,Identity and access,Implement RBAC and capability checks,Every admin/API action is authorized server-side and tested.,P0,M1,ST-0009,13,64,Platform,High,Planned,See RTM/Owner Document,Every admin/API action is authorized server-side and tested.
T-0019,S-0010,Task,Platform Foundation,Identity and access,"Implement service, data and security controls for: Implement RBAC and capability checks",Create the server-side/domain foundation required by story S-0010.,P0,M1,S-0010,5,24,Platform,High,Planned,See story and RTM,Code/design reviewed; contracts validated; error and authorization paths covered.
T-0020,S-0010,Task,Platform Foundation,Identity and access,Integrate end-to-end workflow for: Implement RBAC and capability checks,Complete the integrated workflow and user/operator experience for story S-0010.,P0,M1,T-0019,5,24,Platform,High,Planned,See story and component/API specs,Happy path and documented recovery paths work in the target environment.
ST-0010,T-0020,Subtask,Platform Foundation,Identity and access,"Add automated tests, observability and runbook for: Implement RBAC and capability checks",Provide verification and operational evidence for story S-0010.,P0,M1,T-0020,3,16,Platform,Medium,Planned,Testing Strategy; Observability; RTM,Required test suites pass; telemetry is queryable; documentation and RTM are updated.
F-0006,E-0002,Feature,Platform Foundation,Data and storage foundation,Data and storage foundation,Provide the Data and storage foundation capability within Platform Foundation.,P0,M1,ST-0010,21,104,Platform,Medium,Planned,See Owner Document Registry,Both child stories meet acceptance criteria and integration risks are resolved.
S-0011,F-0006,Story,Platform Foundation,Data and storage foundation,Create PostgreSQL schema foundation,"Core schemas, migrations and constraints are deployable.",P0,M1,F-0006,8,40,Platform,Medium,Planned,See RTM/Owner Document,"Core schemas, migrations and constraints are deployable."
T-0021,S-0011,Task,Platform Foundation,Data and storage foundation,"Implement service, data and security controls for: Create PostgreSQL schema foundation",Create the server-side/domain foundation required by story S-0011.,P0,M1,S-0011,3,16,Platform,Medium,Planned,See story and RTM,Code/design reviewed; contracts validated; error and authorization paths covered.
T-0022,S-0011,Task,Platform Foundation,Data and storage foundation,Integrate end-to-end workflow for: Create PostgreSQL schema foundation,Complete the integrated workflow and user/operator experience for story S-0011.,P0,M1,T-0021,3,16,Platform,Medium,Planned,See story and component/API specs,Happy path and documented recovery paths work in the target environment.
ST-0011,T-0022,Subtask,Platform Foundation,Data and storage foundation,"Add automated tests, observability and runbook for: Create PostgreSQL schema foundation",Provide verification and operational evidence for story S-0011.,P0,M1,T-0022,2,8,Platform,Medium,Planned,Testing Strategy; Observability; RTM,Required test suites pass; telemetry is queryable; documentation and RTM are updated.
S-0012,F-0006,Story,Platform Foundation,Data and storage foundation,Create object storage and upload foundation,"Files use signed upload, quarantine, checksums and lifecycle policies.",P0,M1,ST-0011,13,64,Platform,High,Planned,See RTM/Owner Document,"Files use signed upload, quarantine, checksums and lifecycle policies."
T-0023,S-0012,Task,Platform Foundation,Data and storage foundation,"Implement service, data and security controls for: Create object storage and upload foundation",Create the server-side/domain foundation required by story S-0012.,P0,M1,S-0012,5,24,Platform,High,Planned,See story and RTM,Code/design reviewed; contracts validated; error and authorization paths covered.
T-0024,S-0012,Task,Platform Foundation,Data and storage foundation,Integrate end-to-end workflow for: Create object storage and upload foundation,Complete the integrated workflow and user/operator experience for story S-0012.,P0,M1,T-0023,5,24,Platform,High,Planned,See story and component/API specs,Happy path and documented recovery paths work in the target environment.
ST-0012,T-0024,Subtask,Platform Foundation,Data and storage foundation,"Add automated tests, observability and runbook for: Create object storage and upload foundation",Provide verification and operational evidence for story S-0012.,P0,M1,T-0024,3,16,Platform,Medium,Planned,Testing Strategy; Observability; RTM,Required test suites pass; telemetry is queryable; documentation and RTM are updated.
E-0003,,Epic,Design System & Frontend Foundation,,Design System & Frontend Foundation,Deliver the Design System & Frontend Foundation outcome and satisfy its quality gates.,P0,M1,E-0002,48,240,Frontend,High,Planned,README.md,All child features accepted; blocking risks closed; RTM and release evidence updated.
F-0007,E-0003,Feature,Design System & Frontend Foundation,Tokens and component primitives,Tokens and component primitives,Provide the Tokens and component primitives capability within Design System & Frontend Foundation.,P0,M1,E-0003,16,80,Frontend,Medium,Planned,See Owner Document Registry,Both child stories meet acceptance criteria and integration risks are resolved.
S-0013,F-0007,Story,Design System & Frontend Foundation,Tokens and component primitives,Implement Atlas design tokens and premium motion foundations,"Provide dark/green semantic tokens, glow budgets and functional-motion primitives.",P0,M1,F-0007,8,40,Frontend,Medium,Planned,03_Design/02_Design_System.md; 03_Design/03_Design_Tokens.md; ADR-0017,"Provide dark/green semantic tokens, glow budgets and functional-motion primitives."
T-0025,S-0013,Task,Design System & Frontend Foundation,Tokens and component primitives,Implement architecture and controls for: Implement Atlas design tokens and premium motion foundations,Implement architecture and controls for: Implement Atlas design tokens and premium motion foundations,P0,M1,S-0013,3,16,Frontend,Medium,Planned,See story and RTM,Implement architecture and controls for: Implement Atlas design tokens and premium motion foundations completed with evidence linked to the story.
T-0026,S-0013,Task,Design System & Frontend Foundation,Tokens and component primitives,Integrate end-to-end workflow for: Implement Atlas design tokens and premium motion foundations,Integrate end-to-end workflow for: Implement Atlas design tokens and premium motion foundations,P0,M1,T-0025,3,16,Frontend,Medium,Planned,See story and component/API specs,Integrate end-to-end workflow for: Implement Atlas design tokens and premium motion foundations completed with evidence linked to the story.
ST-0013,T-0026,Subtask,Design System & Frontend Foundation,Tokens and component primitives,"Verify accessibility, performance, observability and traceability for: Implement Atlas design tokens and premium motion foundations","Verify accessibility, performance, observability and traceability for: Implement Atlas design tokens and premium motion foundations",P0,M1,T-0026,2,8,Frontend,Medium,Planned,Testing Strategy; Observability; RTM,"Verify accessibility, performance, observability and traceability for: Implement Atlas design tokens and premium motion foundations completed with evidence linked to the story."
S-0014,F-0007,Story,Design System & Frontend Foundation,Tokens and component primitives,Build accessible primitives,"Buttons, fields, dialogs, feedback and navigation meet component contracts.",P0,M1,ST-0013,8,40,Frontend,Medium,Planned,See RTM/Owner Document,"Buttons, fields, dialogs, feedback and navigation meet component contracts."
T-0027,S-0014,Task,Design System & Frontend Foundation,Tokens and component primitives,Implement data/API and state contract for: Build accessible primitives,Create the server-side/domain foundation required by story S-0014.,P0,M1,S-0014,3,16,Frontend,Medium,Planned,See story and RTM,Code/design reviewed; contracts validated; error and authorization paths covered.
T-0028,S-0014,Task,Design System & Frontend Foundation,Tokens and component primitives,Implement responsive UI and interaction for: Build accessible primitives,Complete the integrated workflow and user/operator experience for story S-0014.,P0,M1,T-0027,3,16,Frontend,Medium,Planned,See story and component/API specs,Happy path and documented recovery paths work in the target environment.
ST-0014,T-0028,Subtask,Design System & Frontend Foundation,Tokens and component primitives,"Add accessibility, analytics and automated tests for: Build accessible primitives",Provide verification and operational evidence for story S-0014.,P0,M1,T-0028,2,8,Frontend,Medium,Planned,Testing Strategy; Observability; RTM,Required test suites pass; telemetry is queryable; documentation and RTM are updated.
F-0008,E-0003,Feature,Design System & Frontend Foundation,Routing and rendering,Routing and rendering,Provide the Routing and rendering capability within Design System & Frontend Foundation.,P0,M1,ST-0014,16,80,Frontend,Medium,Planned,See Owner Document Registry,Both child stories meet acceptance criteria and integration risks are resolved.
S-0015,F-0008,Story,Design System & Frontend Foundation,Routing and rendering,Implement public rendering strategy,"Public routes are indexable, cacheable and metadata-complete.",P0,M1,F-0008,8,40,Frontend,Medium,Planned,See RTM/Owner Document,"Public routes are indexable, cacheable and metadata-complete."
T-0029,S-0015,Task,Design System & Frontend Foundation,Routing and rendering,Implement data/API and state contract for: Implement public rendering strategy,Create the server-side/domain foundation required by story S-0015.,P0,M1,S-0015,3,16,Frontend,Medium,Planned,See story and RTM,Code/design reviewed; contracts validated; error and authorization paths covered.
T-0030,S-0015,Task,Design System & Frontend Foundation,Routing and rendering,Implement responsive UI and interaction for: Implement public rendering strategy,Complete the integrated workflow and user/operator experience for story S-0015.,P0,M1,T-0029,3,16,Frontend,Medium,Planned,See story and component/API specs,Happy path and documented recovery paths work in the target environment.
ST-0015,T-0030,Subtask,Design System & Frontend Foundation,Routing and rendering,"Add accessibility, analytics and automated tests for: Implement public rendering strategy",Provide verification and operational evidence for story S-0015.,P0,M1,T-0030,2,8,Frontend,Medium,Planned,Testing Strategy; Observability; RTM,Required test suites pass; telemetry is queryable; documentation and RTM are updated.
S-0016,F-0008,Story,Design System & Frontend Foundation,Routing and rendering,Implement protected application shell,Admin/customer routes preserve deep links and prevent unauthorized flashes.,P0,M1,ST-0015,8,40,Frontend,Medium,Planned,See RTM/Owner Document,Admin/customer routes preserve deep links and prevent unauthorized flashes.
T-0031,S-0016,Task,Design System & Frontend Foundation,Routing and rendering,Implement data/API and state contract for: Implement protected application shell,Create the server-side/domain foundation required by story S-0016.,P0,M1,S-0016,3,16,Frontend,Medium,Planned,See story and RTM,Code/design reviewed; contracts validated; error and authorization paths covered.
T-0032,S-0016,Task,Design System & Frontend Foundation,Routing and rendering,Implement responsive UI and interaction for: Implement protected application shell,Complete the integrated workflow and user/operator experience for story S-0016.,P0,M1,T-0031,3,16,Frontend,Medium,Planned,See story and component/API specs,Happy path and documented recovery paths work in the target environment.
ST-0016,T-0032,Subtask,Design System & Frontend Foundation,Routing and rendering,"Add accessibility, analytics and automated tests for: Implement protected application shell",Provide verification and operational evidence for story S-0016.,P0,M1,T-0032,2,8,Frontend,Medium,Planned,Testing Strategy; Observability; RTM,Required test suites pass; telemetry is queryable; documentation and RTM are updated.
F-0009,E-0003,Feature,Design System & Frontend Foundation,Accessibility and performance,Accessibility and performance,Provide the Accessibility and performance capability within Design System & Frontend Foundation.,P0,M1,ST-0016,16,80,Frontend,Medium,Planned,See Owner Document Registry,Both child stories meet acceptance criteria and integration risks are resolved.
S-0017,F-0009,Story,Design System & Frontend Foundation,Accessibility and performance,Integrate accessibility guardrails,"Keyboard, focus, contrast and reduced motion are tested continuously.",P0,M1,F-0009,8,40,Frontend,Medium,Planned,See RTM/Owner Document,"Keyboard, focus, contrast and reduced motion are tested continuously."
T-0033,S-0017,Task,Design System & Frontend Foundation,Accessibility and performance,Implement data/API and state contract for: Integrate accessibility guardrails,Create the server-side/domain foundation required by story S-0017.,P0,M1,S-0017,3,16,Frontend,Medium,Planned,See story and RTM,Code/design reviewed; contracts validated; error and authorization paths covered.
T-0034,S-0017,Task,Design System & Frontend Foundation,Accessibility and performance,Implement responsive UI and interaction for: Integrate accessibility guardrails,Complete the integrated workflow and user/operator experience for story S-0017.,P0,M1,T-0033,3,16,Frontend,Medium,Planned,See story and component/API specs,Happy path and documented recovery paths work in the target environment.
ST-0017,T-0034,Subtask,Design System & Frontend Foundation,Accessibility and performance,"Add accessibility, analytics and automated tests for: Integrate accessibility guardrails",Provide verification and operational evidence for story S-0017.,P0,M1,T-0034,2,8,Frontend,Medium,Planned,Testing Strategy; Observability; RTM,Required test suites pass; telemetry is queryable; documentation and RTM are updated.
S-0018,F-0009,Story,Design System & Frontend Foundation,Accessibility and performance,Enforce software-quality performance and motion budgets,"Automate public bundle, CWV, reduced-motion and 3D/video performance gates.",P0,M1,ST-0017,8,40,Frontend,Medium,Planned,10_Security_Performance/05_Performance_Plan.md; ADR-0017,"Automate public bundle, CWV, reduced-motion and 3D/video performance gates."
T-0035,S-0018,Task,Design System & Frontend Foundation,Accessibility and performance,Implement architecture and controls for: Enforce software-quality performance and motion budgets,Implement architecture and controls for: Enforce software-quality performance and motion budgets,P0,M1,S-0018,3,16,Frontend,Medium,Planned,See story and RTM,Implement architecture and controls for: Enforce software-quality performance and motion budgets completed with evidence linked to the story.
T-0036,S-0018,Task,Design System & Frontend Foundation,Accessibility and performance,Integrate end-to-end workflow for: Enforce software-quality performance and motion budgets,Integrate end-to-end workflow for: Enforce software-quality performance and motion budgets,P0,M1,T-0035,3,16,Frontend,Medium,Planned,See story and component/API specs,Integrate end-to-end workflow for: Enforce software-quality performance and motion budgets completed with evidence linked to the story.
ST-0018,T-0036,Subtask,Design System & Frontend Foundation,Accessibility and performance,"Verify accessibility, performance, observability and traceability for: Enforce software-quality performance and motion budgets","Verify accessibility, performance, observability and traceability for: Enforce software-quality performance and motion budgets",P0,M1,T-0036,2,8,Frontend,Medium,Planned,Testing Strategy; Observability; RTM,"Verify accessibility, performance, observability and traceability for: Enforce software-quality performance and motion budgets completed with evidence linked to the story."
E-0004,,Epic,Public Web & Content,,Public Web & Content,Deliver the Public Web & Content outcome and satisfy its quality gates.,P1,M2,E-0003,39,192,Public Web,Medium,Planned,README.md,All child features accepted; blocking risks closed; RTM and release evidence updated.
F-0010,E-0004,Feature,Public Web & Content,Homepage and global navigation,Homepage and global navigation,Provide the Homepage and global navigation capability within Public Web & Content.,P1,M2,E-0004,10,48,Public Web,Medium,Planned,See Owner Document Registry,Both child stories meet acceptance criteria and integration risks are resolved.
S-0019,F-0010,Story,Public Web & Content,Homepage and global navigation,Deliver immersive conversion-focused homepage architecture,"Implement the premium homepage with semantic core, media enhancement and functional motion.",P1,M2,F-0010,5,24,Public Web,Medium,Planned,04_Experience/03_Homepage_Wireframes.md; ADR-0017,"Implement the premium homepage with semantic core, media enhancement and functional motion."
T-0037,S-0019,Task,Public Web & Content,Homepage and global navigation,Implement architecture and controls for: Deliver immersive conversion-focused homepage architecture,Implement architecture and controls for: Deliver immersive conversion-focused homepage architecture,P1,M2,S-0019,2,8,Public Web,Medium,Planned,See story and RTM,Implement architecture and controls for: Deliver immersive conversion-focused homepage architecture completed with evidence linked to the story.
T-0038,S-0019,Task,Public Web & Content,Homepage and global navigation,Integrate end-to-end workflow for: Deliver immersive conversion-focused homepage architecture,Integrate end-to-end workflow for: Deliver immersive conversion-focused homepage architecture,P1,M2,T-0037,2,8,Public Web,Medium,Planned,See story and component/API specs,Integrate end-to-end workflow for: Deliver immersive conversion-focused homepage architecture completed with evidence linked to the story.
ST-0019,T-0038,Subtask,Public Web & Content,Homepage and global navigation,"Verify accessibility, performance, observability and traceability for: Deliver immersive conversion-focused homepage architecture","Verify accessibility, performance, observability and traceability for: Deliver immersive conversion-focused homepage architecture",P1,M2,T-0038,1,8,Public Web,Medium,Planned,Testing Strategy; Observability; RTM,"Verify accessibility, performance, observability and traceability for: Deliver immersive conversion-focused homepage architecture completed with evidence linked to the story."
S-0020,F-0010,Story,Public Web & Content,Homepage and global navigation,Deliver responsive navigation and footer,All primary destinations and legal paths work across devices.,P1,M2,ST-0019,5,24,Public Web,Medium,Planned,See RTM/Owner Document,All primary destinations and legal paths work across devices.
T-0039,S-0020,Task,Public Web & Content,Homepage and global navigation,Implement data/API and state contract for: Deliver responsive navigation and footer,Create the server-side/domain foundation required by story S-0020.,P1,M2,S-0020,2,8,Public Web,Medium,Planned,See story and RTM,Code/design reviewed; contracts validated; error and authorization paths covered.
T-0040,S-0020,Task,Public Web & Content,Homepage and global navigation,Implement responsive UI and interaction for: Deliver responsive navigation and footer,Complete the integrated workflow and user/operator experience for story S-0020.,P1,M2,T-0039,2,8,Public Web,Medium,Planned,See story and component/API specs,Happy path and documented recovery paths work in the target environment.
ST-0020,T-0040,Subtask,Public Web & Content,Homepage and global navigation,"Add accessibility, analytics and automated tests for: Deliver responsive navigation and footer",Provide verification and operational evidence for story S-0020.,P1,M2,T-0040,1,8,Public Web,Medium,Planned,Testing Strategy; Observability; RTM,Required test suites pass; telemetry is queryable; documentation and RTM are updated.
F-0011,E-0004,Feature,Public Web & Content,Services and portfolio,Services and portfolio,Provide the Services and portfolio capability within Public Web & Content.,P1,M2,ST-0020,13,64,Public Web,Medium,Planned,See Owner Document Registry,Both child stories meet acceptance criteria and integration risks are resolved.
S-0021,F-0011,Story,Public Web & Content,Services and portfolio,Publish service landing pages,"Each service explains fit, limits, process and CTA.",P1,M2,F-0011,5,24,Public Web,Medium,Planned,See RTM/Owner Document,"Each service explains fit, limits, process and CTA."
T-0041,S-0021,Task,Public Web & Content,Services and portfolio,Implement data/API and state contract for: Publish service landing pages,Create the server-side/domain foundation required by story S-0021.,P1,M2,S-0021,2,8,Public Web,Medium,Planned,See story and RTM,Code/design reviewed; contracts validated; error and authorization paths covered.
T-0042,S-0021,Task,Public Web & Content,Services and portfolio,Implement responsive UI and interaction for: Publish service landing pages,Complete the integrated workflow and user/operator experience for story S-0021.,P1,M2,T-0041,2,8,Public Web,Medium,Planned,See story and component/API specs,Happy path and documented recovery paths work in the target environment.
ST-0021,T-0042,Subtask,Public Web & Content,Services and portfolio,"Add accessibility, analytics and automated tests for: Publish service landing pages",Provide verification and operational evidence for story S-0021.,P1,M2,T-0042,1,8,Public Web,Medium,Planned,Testing Strategy; Observability; RTM,Required test suites pass; telemetry is queryable; documentation and RTM are updated.
S-0022,F-0011,Story,Public Web & Content,Services and portfolio,Publish portfolio and case studies,"Real work is filterable, credible and linked to relevant services.",P1,M2,ST-0021,8,40,Public Web,Medium,Planned,See RTM/Owner Document,"Real work is filterable, credible and linked to relevant services."
T-0043,S-0022,Task,Public Web & Content,Services and portfolio,Implement data/API and state contract for: Publish portfolio and case studies,Create the server-side/domain foundation required by story S-0022.,P1,M2,S-0022,3,16,Public Web,Medium,Planned,See story and RTM,Code/design reviewed; contracts validated; error and authorization paths covered.
T-0044,S-0022,Task,Public Web & Content,Services and portfolio,Implement responsive UI and interaction for: Publish portfolio and case studies,Complete the integrated workflow and user/operator experience for story S-0022.,P1,M2,T-0043,3,16,Public Web,Medium,Planned,See story and component/API specs,Happy path and documented recovery paths work in the target environment.
ST-0022,T-0044,Subtask,Public Web & Content,Services and portfolio,"Add accessibility, analytics and automated tests for: Publish portfolio and case studies",Provide verification and operational evidence for story S-0022.,P1,M2,T-0044,2,8,Public Web,Medium,Planned,Testing Strategy; Observability; RTM,Required test suites pass; telemetry is queryable; documentation and RTM are updated.
F-0012,E-0004,Feature,Public Web & Content,Blog and editorial content,Blog and editorial content,Provide the Blog and editorial content capability within Public Web & Content.,P1,M2,ST-0022,16,80,Public Web,Medium,Planned,See Owner Document Registry,Both child stories meet acceptance criteria and integration risks are resolved.
S-0023,F-0012,Story,Public Web & Content,Blog and editorial content,Implement article and category experience,"Articles are readable, discoverable and connected to clusters.",P1,M2,F-0012,8,40,Public Web,Medium,Planned,See RTM/Owner Document,"Articles are readable, discoverable and connected to clusters."
T-0045,S-0023,Task,Public Web & Content,Blog and editorial content,Implement data/API and state contract for: Implement article and category experience,Create the server-side/domain foundation required by story S-0023.,P1,M2,S-0023,3,16,Public Web,Medium,Planned,See story and RTM,Code/design reviewed; contracts validated; error and authorization paths covered.
T-0046,S-0023,Task,Public Web & Content,Blog and editorial content,Implement responsive UI and interaction for: Implement article and category experience,Complete the integrated workflow and user/operator experience for story S-0023.,P1,M2,T-0045,3,16,Public Web,Medium,Planned,See story and component/API specs,Happy path and documented recovery paths work in the target environment.
ST-0023,T-0046,Subtask,Public Web & Content,Blog and editorial content,"Add accessibility, analytics and automated tests for: Implement article and category experience",Provide verification and operational evidence for story S-0023.,P1,M2,T-0046,2,8,Public Web,Medium,Planned,Testing Strategy; Observability; RTM,Required test suites pass; telemetry is queryable; documentation and RTM are updated.
S-0024,F-0012,Story,Public Web & Content,Blog and editorial content,Implement editorial workflow,"Draft, review, schedule, revision and archive are auditable.",P1,M2,ST-0023,8,40,Public Web,Medium,Planned,See RTM/Owner Document,"Draft, review, schedule, revision and archive are auditable."
T-0047,S-0024,Task,Public Web & Content,Blog and editorial content,Implement data/API and state contract for: Implement editorial workflow,Create the server-side/domain foundation required by story S-0024.,P1,M2,S-0024,3,16,Public Web,Medium,Planned,See story and RTM,Code/design reviewed; contracts validated; error and authorization paths covered.
T-0048,S-0024,Task,Public Web & Content,Blog and editorial content,Implement responsive UI and interaction for: Implement editorial workflow,Complete the integrated workflow and user/operator experience for story S-0024.,P1,M2,T-0047,3,16,Public Web,Medium,Planned,See story and component/API specs,Happy path and documented recovery paths work in the target environment.
ST-0024,T-0048,Subtask,Public Web & Content,Blog and editorial content,"Add accessibility, analytics and automated tests for: Implement editorial workflow",Provide verification and operational evidence for story S-0024.,P1,M2,T-0048,2,8,Public Web,Medium,Planned,Testing Strategy; Observability; RTM,Required test suites pass; telemetry is queryable; documentation and RTM are updated.
E-0005,,Epic,Catalog & Product Discovery,,Catalog & Product Discovery,Deliver the Catalog & Product Discovery outcome and satisfy its quality gates.,P1,M2,E-0004,53,264,Catalog,Medium,Planned,README.md,All child features accepted; blocking risks closed; RTM and release evidence updated.
F-0013,E-0005,Feature,Catalog & Product Discovery,Catalog administration,Catalog administration,Provide the Catalog administration capability within Catalog & Product Discovery.,P1,M2,E-0005,16,80,Catalog,Medium,Planned,See Owner Document Registry,Both child stories meet acceptance criteria and integration risks are resolved.
S-0025,F-0013,Story,Catalog & Product Discovery,Catalog administration,"Manage products, variants and categories",Operators can maintain catalog data without deploy.,P1,M2,F-0013,8,40,Catalog,Medium,Planned,See RTM/Owner Document,Operators can maintain catalog data without deploy.
T-0049,S-0025,Task,Catalog & Product Discovery,Catalog administration,"Implement data/API and state contract for: Manage products, variants and categories",Create the server-side/domain foundation required by story S-0025.,P1,M2,S-0025,3,16,Catalog,Medium,Planned,See story and RTM,Code/design reviewed; contracts validated; error and authorization paths covered.
T-0050,S-0025,Task,Catalog & Product Discovery,Catalog administration,"Implement responsive UI and interaction for: Manage products, variants and categories",Complete the integrated workflow and user/operator experience for story S-0025.,P1,M2,T-0049,3,16,Catalog,Medium,Planned,See story and component/API specs,Happy path and documented recovery paths work in the target environment.
ST-0025,T-0050,Subtask,Catalog & Product Discovery,Catalog administration,"Add accessibility, analytics and automated tests for: Manage products, variants and categories",Provide verification and operational evidence for story S-0025.,P1,M2,T-0050,2,8,Catalog,Medium,Planned,Testing Strategy; Observability; RTM,Required test suites pass; telemetry is queryable; documentation and RTM are updated.
S-0026,F-0013,Story,Catalog & Product Discovery,Catalog administration,Manage publication and redirects,Archived or changed products preserve SEO and historical references.,P1,M2,ST-0025,8,40,Catalog,Medium,Planned,See RTM/Owner Document,Archived or changed products preserve SEO and historical references.
T-0051,S-0026,Task,Catalog & Product Discovery,Catalog administration,Implement data/API and state contract for: Manage publication and redirects,Create the server-side/domain foundation required by story S-0026.,P1,M2,S-0026,3,16,Catalog,Medium,Planned,See story and RTM,Code/design reviewed; contracts validated; error and authorization paths covered.
T-0052,S-0026,Task,Catalog & Product Discovery,Catalog administration,Implement responsive UI and interaction for: Manage publication and redirects,Complete the integrated workflow and user/operator experience for story S-0026.,P1,M2,T-0051,3,16,Catalog,Medium,Planned,See story and component/API specs,Happy path and documented recovery paths work in the target environment.
ST-0026,T-0052,Subtask,Catalog & Product Discovery,Catalog administration,"Add accessibility, analytics and automated tests for: Manage publication and redirects",Provide verification and operational evidence for story S-0026.,P1,M2,T-0052,2,8,Catalog,Medium,Planned,Testing Strategy; Observability; RTM,Required test suites pass; telemetry is queryable; documentation and RTM are updated.
F-0014,E-0005,Feature,Catalog & Product Discovery,Discovery and product pages,Discovery and product pages,Provide the Discovery and product pages capability within Catalog & Product Discovery.,P1,M2,ST-0026,16,80,Catalog,Medium,Planned,See Owner Document Registry,Both child stories meet acceptance criteria and integration risks are resolved.
S-0027,F-0014,Story,Catalog & Product Discovery,Discovery and product pages,"Implement filters, search and sorting",Users can narrow products with shareable state.,P1,M2,F-0014,8,40,Catalog,Medium,Planned,See RTM/Owner Document,Users can narrow products with shareable state.
T-0053,S-0027,Task,Catalog & Product Discovery,Discovery and product pages,"Implement data/API and state contract for: Implement filters, search and sorting",Create the server-side/domain foundation required by story S-0027.,P1,M2,S-0027,3,16,Catalog,Medium,Planned,See story and RTM,Code/design reviewed; contracts validated; error and authorization paths covered.
T-0054,S-0027,Task,Catalog & Product Discovery,Discovery and product pages,"Implement responsive UI and interaction for: Implement filters, search and sorting",Complete the integrated workflow and user/operator experience for story S-0027.,P1,M2,T-0053,3,16,Catalog,Medium,Planned,See story and component/API specs,Happy path and documented recovery paths work in the target environment.
ST-0027,T-0054,Subtask,Catalog & Product Discovery,Discovery and product pages,"Add accessibility, analytics and automated tests for: Implement filters, search and sorting",Provide verification and operational evidence for story S-0027.,P1,M2,T-0054,2,8,Catalog,Medium,Planned,Testing Strategy; Observability; RTM,Required test suites pass; telemetry is queryable; documentation and RTM are updated.
S-0028,F-0014,Story,Catalog & Product Discovery,Discovery and product pages,"Implement premium product detail, variants and direct-sale actions","Deliver product state, variants and clear Buy/Configure/Quote actions.",P1,M2,ST-0027,8,40,Catalog,Medium,Planned,05_Features/01_Catalog_and_Products.md; ADR-0014; ADR-0017,"Deliver product state, variants and clear Buy/Configure/Quote actions."
T-0055,S-0028,Task,Catalog & Product Discovery,Discovery and product pages,"Implement architecture and controls for: Implement premium product detail, variants and direct-sale actions","Implement architecture and controls for: Implement premium product detail, variants and direct-sale actions",P1,M2,S-0028,3,16,Catalog,Medium,Planned,See story and RTM,"Implement architecture and controls for: Implement premium product detail, variants and direct-sale actions completed with evidence linked to the story."
T-0056,S-0028,Task,Catalog & Product Discovery,Discovery and product pages,"Integrate end-to-end workflow for: Implement premium product detail, variants and direct-sale actions","Integrate end-to-end workflow for: Implement premium product detail, variants and direct-sale actions",P1,M2,T-0055,3,16,Catalog,Medium,Planned,See story and component/API specs,"Integrate end-to-end workflow for: Implement premium product detail, variants and direct-sale actions completed with evidence linked to the story."
ST-0028,T-0056,Subtask,Catalog & Product Discovery,Discovery and product pages,"Verify accessibility, performance, observability and traceability for: Implement premium product detail, variants and direct-sale actions","Verify accessibility, performance, observability and traceability for: Implement premium product detail, variants and direct-sale actions",P1,M2,T-0056,2,8,Catalog,Medium,Planned,Testing Strategy; Observability; RTM,"Verify accessibility, performance, observability and traceability for: Implement premium product detail, variants and direct-sale actions completed with evidence linked to the story."
F-0015,E-0005,Feature,Catalog & Product Discovery,Catalog SEO and media,Catalog SEO and media,Provide the Catalog SEO and media capability within Catalog & Product Discovery.,P1,M2,ST-0028,21,104,Catalog,Medium,Planned,See Owner Document Registry,Both child stories meet acceptance criteria and integration risks are resolved.
S-0029,F-0015,Story,Catalog & Product Discovery,Catalog SEO and media,Integrate structured product metadata,Visible product facts generate valid metadata and schema.,P1,M2,F-0015,8,40,Catalog,Medium,Planned,See RTM/Owner Document,Visible product facts generate valid metadata and schema.
T-0057,S-0029,Task,Catalog & Product Discovery,Catalog SEO and media,Implement data/API and state contract for: Integrate structured product metadata,Create the server-side/domain foundation required by story S-0029.,P1,M2,S-0029,3,16,Catalog,Medium,Planned,See story and RTM,Code/design reviewed; contracts validated; error and authorization paths covered.
T-0058,S-0029,Task,Catalog & Product Discovery,Catalog SEO and media,Implement responsive UI and interaction for: Integrate structured product metadata,Complete the integrated workflow and user/operator experience for story S-0029.,P1,M2,T-0057,3,16,Catalog,Medium,Planned,See story and component/API specs,Happy path and documented recovery paths work in the target environment.
ST-0029,T-0058,Subtask,Catalog & Product Discovery,Catalog SEO and media,"Add accessibility, analytics and automated tests for: Integrate structured product metadata",Provide verification and operational evidence for story S-0029.,P1,M2,T-0058,2,8,Catalog,Medium,Planned,Testing Strategy; Observability; RTM,Required test suites pass; telemetry is queryable; documentation and RTM are updated.
S-0030,F-0015,Story,Catalog & Product Discovery,Catalog SEO and media,Integrate catalog media pipeline,Responsive approved assets stay within performance budgets.,P1,M2,ST-0029,13,64,Catalog,High,Planned,See RTM/Owner Document,Responsive approved assets stay within performance budgets.
T-0059,S-0030,Task,Catalog & Product Discovery,Catalog SEO and media,Implement data/API and state contract for: Integrate catalog media pipeline,Create the server-side/domain foundation required by story S-0030.,P1,M2,S-0030,5,24,Catalog,High,Planned,See story and RTM,Code/design reviewed; contracts validated; error and authorization paths covered.
T-0060,S-0030,Task,Catalog & Product Discovery,Catalog SEO and media,Implement responsive UI and interaction for: Integrate catalog media pipeline,Complete the integrated workflow and user/operator experience for story S-0030.,P1,M2,T-0059,5,24,Catalog,High,Planned,See story and component/API specs,Happy path and documented recovery paths work in the target environment.
ST-0030,T-0060,Subtask,Catalog & Product Discovery,Catalog SEO and media,"Add accessibility, analytics and automated tests for: Integrate catalog media pipeline",Provide verification and operational evidence for story S-0030.,P1,M2,T-0060,3,16,Catalog,Medium,Planned,Testing Strategy; Observability; RTM,Required test suites pass; telemetry is queryable; documentation and RTM are updated.
E-0006,,Epic,Lead & Quote Intake — Phase 1,,Lead & Quote Intake — Phase 1,Deliver the Lead & Quote Intake — Phase 1 outcome and satisfy its quality gates.,P0,M3,E-0005,53,264,Quotes F1,High,Planned,README.md,All child features accepted; blocking risks closed; RTM and release evidence updated.
F-0016,E-0006,Feature,Lead & Quote Intake — Phase 1,Contact and qualification,Contact and qualification,Provide the Contact and qualification capability within Lead & Quote Intake — Phase 1.,P0,M3,E-0006,16,80,Quotes F1,Medium,Planned,See Owner Document Registry,Both child stories meet acceptance criteria and integration risks are resolved.
S-0031,F-0016,Story,Lead & Quote Intake — Phase 1,Contact and qualification,Implement guided contact and quote forms,Users provide enough context without technical overload.,P0,M3,F-0016,8,40,Quotes F1,Medium,Planned,See RTM/Owner Document,Users provide enough context without technical overload.
T-0061,S-0031,Task,Lead & Quote Intake — Phase 1,Contact and qualification,"Implement service, data and security controls for: Implement guided contact and quote forms",Create the server-side/domain foundation required by story S-0031.,P0,M3,S-0031,3,16,Quotes F1,Medium,Planned,See story and RTM,Code/design reviewed; contracts validated; error and authorization paths covered.
T-0062,S-0031,Task,Lead & Quote Intake — Phase 1,Contact and qualification,Integrate end-to-end workflow for: Implement guided contact and quote forms,Complete the integrated workflow and user/operator experience for story S-0031.,P0,M3,T-0061,3,16,Quotes F1,Medium,Planned,See story and component/API specs,Happy path and documented recovery paths work in the target environment.
ST-0031,T-0062,Subtask,Lead & Quote Intake — Phase 1,Contact and qualification,"Add automated tests, observability and runbook for: Implement guided contact and quote forms",Provide verification and operational evidence for story S-0031.,P0,M3,T-0062,2,8,Quotes F1,Medium,Planned,Testing Strategy; Observability; RTM,Required test suites pass; telemetry is queryable; documentation and RTM are updated.
S-0032,F-0016,Story,Lead & Quote Intake — Phase 1,Contact and qualification,Implement lead attribution and consent,Source and consent are recorded without unnecessary PII.,P0,M3,ST-0031,8,40,Quotes F1,Medium,Planned,See RTM/Owner Document,Source and consent are recorded without unnecessary PII.
T-0063,S-0032,Task,Lead & Quote Intake — Phase 1,Contact and qualification,"Implement service, data and security controls for: Implement lead attribution and consent",Create the server-side/domain foundation required by story S-0032.,P0,M3,S-0032,3,16,Quotes F1,Medium,Planned,See story and RTM,Code/design reviewed; contracts validated; error and authorization paths covered.
T-0064,S-0032,Task,Lead & Quote Intake — Phase 1,Contact and qualification,Integrate end-to-end workflow for: Implement lead attribution and consent,Complete the integrated workflow and user/operator experience for story S-0032.,P0,M3,T-0063,3,16,Quotes F1,Medium,Planned,See story and component/API specs,Happy path and documented recovery paths work in the target environment.
ST-0032,T-0064,Subtask,Lead & Quote Intake — Phase 1,Contact and qualification,"Add automated tests, observability and runbook for: Implement lead attribution and consent",Provide verification and operational evidence for story S-0032.,P0,M3,T-0064,2,8,Quotes F1,Medium,Planned,Testing Strategy; Observability; RTM,Required test suites pass; telemetry is queryable; documentation and RTM are updated.
F-0017,E-0006,Feature,Lead & Quote Intake — Phase 1,Secure attachments,Secure attachments,Provide the Secure attachments capability within Lead & Quote Intake — Phase 1.,P0,M3,ST-0032,21,104,Quotes F1,Medium,Planned,See Owner Document Registry,Both child stories meet acceptance criteria and integration risks are resolved.
S-0033,F-0017,Story,Lead & Quote Intake — Phase 1,Secure attachments,Implement signed upload and quarantine,Attachments cannot bypass file security controls.,P0,M3,F-0017,13,64,Quotes F1,High,Planned,See RTM/Owner Document,Attachments cannot bypass file security controls.
T-0065,S-0033,Task,Lead & Quote Intake — Phase 1,Secure attachments,"Implement service, data and security controls for: Implement signed upload and quarantine",Create the server-side/domain foundation required by story S-0033.,P0,M3,S-0033,5,24,Quotes F1,High,Planned,See story and RTM,Code/design reviewed; contracts validated; error and authorization paths covered.
T-0066,S-0033,Task,Lead & Quote Intake — Phase 1,Secure attachments,Integrate end-to-end workflow for: Implement signed upload and quarantine,Complete the integrated workflow and user/operator experience for story S-0033.,P0,M3,T-0065,5,24,Quotes F1,High,Planned,See story and component/API specs,Happy path and documented recovery paths work in the target environment.
ST-0033,T-0066,Subtask,Lead & Quote Intake — Phase 1,Secure attachments,"Add automated tests, observability and runbook for: Implement signed upload and quarantine",Provide verification and operational evidence for story S-0033.,P0,M3,T-0066,3,16,Quotes F1,Medium,Planned,Testing Strategy; Observability; RTM,Required test suites pass; telemetry is queryable; documentation and RTM are updated.
S-0034,F-0017,Story,Lead & Quote Intake — Phase 1,Secure attachments,Implement attachment review and retention,Operators can inspect safe metadata and apply retention decisions.,P0,M3,ST-0033,8,40,Quotes F1,Medium,Planned,See RTM/Owner Document,Operators can inspect safe metadata and apply retention decisions.
T-0067,S-0034,Task,Lead & Quote Intake — Phase 1,Secure attachments,"Implement service, data and security controls for: Implement attachment review and retention",Create the server-side/domain foundation required by story S-0034.,P0,M3,S-0034,3,16,Quotes F1,Medium,Planned,See story and RTM,Code/design reviewed; contracts validated; error and authorization paths covered.
T-0068,S-0034,Task,Lead & Quote Intake — Phase 1,Secure attachments,Integrate end-to-end workflow for: Implement attachment review and retention,Complete the integrated workflow and user/operator experience for story S-0034.,P0,M3,T-0067,3,16,Quotes F1,Medium,Planned,See story and component/API specs,Happy path and documented recovery paths work in the target environment.
ST-0034,T-0068,Subtask,Lead & Quote Intake — Phase 1,Secure attachments,"Add automated tests, observability and runbook for: Implement attachment review and retention",Provide verification and operational evidence for story S-0034.,P0,M3,T-0068,2,8,Quotes F1,Medium,Planned,Testing Strategy; Observability; RTM,Required test suites pass; telemetry is queryable; documentation and RTM are updated.
F-0018,E-0006,Feature,Lead & Quote Intake — Phase 1,Operator quote workflow,Operator quote workflow,Provide the Operator quote workflow capability within Lead & Quote Intake — Phase 1.,P0,M3,ST-0034,16,80,Quotes F1,High,Planned,See Owner Document Registry,Both child stories meet acceptance criteria and integration risks are resolved.
S-0035,F-0018,Story,Lead & Quote Intake — Phase 1,Operator quote workflow,Implement assignment and status management,"Andrea can prioritize, request information and track ownership.",P0,M3,F-0018,8,40,Quotes F1,Medium,Planned,See RTM/Owner Document,"Andrea can prioritize, request information and track ownership."
T-0069,S-0035,Task,Lead & Quote Intake — Phase 1,Operator quote workflow,"Implement service, data and security controls for: Implement assignment and status management",Create the server-side/domain foundation required by story S-0035.,P0,M3,S-0035,3,16,Quotes F1,Medium,Planned,See story and RTM,Code/design reviewed; contracts validated; error and authorization paths covered.
T-0070,S-0035,Task,Lead & Quote Intake — Phase 1,Operator quote workflow,Integrate end-to-end workflow for: Implement assignment and status management,Complete the integrated workflow and user/operator experience for story S-0035.,P0,M3,T-0069,3,16,Quotes F1,Medium,Planned,See story and component/API specs,Happy path and documented recovery paths work in the target environment.
ST-0035,T-0070,Subtask,Lead & Quote Intake — Phase 1,Operator quote workflow,"Add automated tests, observability and runbook for: Implement assignment and status management",Provide verification and operational evidence for story S-0035.,P0,M3,T-0070,2,8,Quotes F1,Medium,Planned,Testing Strategy; Observability; RTM,Required test suites pass; telemetry is queryable; documentation and RTM are updated.
S-0036,F-0018,Story,Lead & Quote Intake — Phase 1,Operator quote workflow,Implement versioned manual quotes,"Sent quotes are immutable, time-limited and auditable.",P0,M3,ST-0035,8,40,Quotes F1,Medium,Planned,See RTM/Owner Document,"Sent quotes are immutable, time-limited and auditable."
T-0071,S-0036,Task,Lead & Quote Intake — Phase 1,Operator quote workflow,"Implement service, data and security controls for: Implement versioned manual quotes",Create the server-side/domain foundation required by story S-0036.,P0,M3,S-0036,3,16,Quotes F1,Medium,Planned,See story and RTM,Code/design reviewed; contracts validated; error and authorization paths covered.
T-0072,S-0036,Task,Lead & Quote Intake — Phase 1,Operator quote workflow,Integrate end-to-end workflow for: Implement versioned manual quotes,Complete the integrated workflow and user/operator experience for story S-0036.,P0,M3,T-0071,3,16,Quotes F1,Medium,Planned,See story and component/API specs,Happy path and documented recovery paths work in the target environment.
ST-0036,T-0072,Subtask,Lead & Quote Intake — Phase 1,Operator quote workflow,"Add automated tests, observability and runbook for: Implement versioned manual quotes",Provide verification and operational evidence for story S-0036.,P0,M3,T-0072,2,8,Quotes F1,Medium,Planned,Testing Strategy; Observability; RTM,Required test suites pass; telemetry is queryable; documentation and RTM are updated.
E-0007,,Epic,Lantern Configurator,,Lantern Configurator,Deliver the Lantern Configurator outcome and satisfy its quality gates.,P1,M3,E-0006,53,264,Lantern,Medium,Planned,README.md,All child features accepted; blocking risks closed; RTM and release evidence updated.
F-0019,E-0007,Feature,Lantern Configurator,Model and option administration,Model and option administration,Provide the Model and option administration capability within Lantern Configurator.,P1,M3,E-0007,16,80,Lantern,Medium,Planned,See Owner Document Registry,Both child stories meet acceptance criteria and integration risks are resolved.
S-0037,F-0019,Story,Lantern Configurator,Model and option administration,Manage versioned lantern models,"Geometry, slots and capability manifests are publishable.",P1,M3,F-0019,8,40,Lantern,Medium,Planned,See RTM/Owner Document,"Geometry, slots and capability manifests are publishable."
T-0073,S-0037,Task,Lantern Configurator,Model and option administration,Implement data/API and state contract for: Manage versioned lantern models,Create the server-side/domain foundation required by story S-0037.,P1,M3,S-0037,3,16,Lantern,Medium,Planned,See story and RTM,Code/design reviewed; contracts validated; error and authorization paths covered.
T-0074,S-0037,Task,Lantern Configurator,Model and option administration,Implement responsive UI and interaction for: Manage versioned lantern models,Complete the integrated workflow and user/operator experience for story S-0037.,P1,M3,T-0073,3,16,Lantern,Medium,Planned,See story and component/API specs,Happy path and documented recovery paths work in the target environment.
ST-0037,T-0074,Subtask,Lantern Configurator,Model and option administration,"Add accessibility, analytics and automated tests for: Manage versioned lantern models",Provide verification and operational evidence for story S-0037.,P1,M3,T-0074,2,8,Lantern,Medium,Planned,Testing Strategy; Observability; RTM,Required test suites pass; telemetry is queryable; documentation and RTM are updated.
S-0038,F-0019,Story,Lantern Configurator,Model and option administration,Manage compatibility rules,Invalid combinations are prevented and explainable.,P1,M3,ST-0037,8,40,Lantern,Medium,Planned,See RTM/Owner Document,Invalid combinations are prevented and explainable.
T-0075,S-0038,Task,Lantern Configurator,Model and option administration,Implement data/API and state contract for: Manage compatibility rules,Create the server-side/domain foundation required by story S-0038.,P1,M3,S-0038,3,16,Lantern,Medium,Planned,See story and RTM,Code/design reviewed; contracts validated; error and authorization paths covered.
T-0076,S-0038,Task,Lantern Configurator,Model and option administration,Implement responsive UI and interaction for: Manage compatibility rules,Complete the integrated workflow and user/operator experience for story S-0038.,P1,M3,T-0075,3,16,Lantern,Medium,Planned,See story and component/API specs,Happy path and documented recovery paths work in the target environment.
ST-0038,T-0076,Subtask,Lantern Configurator,Model and option administration,"Add accessibility, analytics and automated tests for: Manage compatibility rules",Provide verification and operational evidence for story S-0038.,P1,M3,T-0076,2,8,Lantern,Medium,Planned,Testing Strategy; Observability; RTM,Required test suites pass; telemetry is queryable; documentation and RTM are updated.
F-0020,E-0007,Feature,Lantern Configurator,Configurator experience,Configurator experience,Provide the Configurator experience capability within Lantern Configurator.,P1,M3,ST-0038,21,104,Lantern,Medium,Planned,See Owner Document Registry,Both child stories meet acceptance criteria and integration risks are resolved.
S-0039,F-0020,Story,Lantern Configurator,Configurator experience,Implement guided configuration state machine,"Users can navigate, autosave and resume all steps.",P1,M3,F-0020,8,40,Lantern,Medium,Planned,See RTM/Owner Document,"Users can navigate, autosave and resume all steps."
T-0077,S-0039,Task,Lantern Configurator,Configurator experience,Implement data/API and state contract for: Implement guided configuration state machine,Create the server-side/domain foundation required by story S-0039.,P1,M3,S-0039,3,16,Lantern,Medium,Planned,See story and RTM,Code/design reviewed; contracts validated; error and authorization paths covered.
T-0078,S-0039,Task,Lantern Configurator,Configurator experience,Implement responsive UI and interaction for: Implement guided configuration state machine,Complete the integrated workflow and user/operator experience for story S-0039.,P1,M3,T-0077,3,16,Lantern,Medium,Planned,See story and component/API specs,Happy path and documented recovery paths work in the target environment.
ST-0039,T-0078,Subtask,Lantern Configurator,Configurator experience,"Add accessibility, analytics and automated tests for: Implement guided configuration state machine",Provide verification and operational evidence for story S-0039.,P1,M3,T-0078,2,8,Lantern,Medium,Planned,Testing Strategy; Observability; RTM,Required test suites pass; telemetry is queryable; documentation and RTM are updated.
S-0040,F-0020,Story,Lantern Configurator,Configurator experience,Implement adaptive premium 3D and complete static fallback,Deliver causality-driven Three.js preview with adaptive quality and full 2D fallback.,P1,M3,ST-0039,13,64,Lantern,High,Planned,05_Features/02_Lantern_Configurator.md; ADR-0008; ADR-0017,Deliver causality-driven Three.js preview with adaptive quality and full 2D fallback.
T-0079,S-0040,Task,Lantern Configurator,Configurator experience,Implement architecture and controls for: Implement adaptive premium 3D and complete static fallback,Implement architecture and controls for: Implement adaptive premium 3D and complete static fallback,P1,M3,S-0040,5,24,Lantern,High,Planned,See story and RTM,Implement architecture and controls for: Implement adaptive premium 3D and complete static fallback completed with evidence linked to the story.
T-0080,S-0040,Task,Lantern Configurator,Configurator experience,Integrate end-to-end workflow for: Implement adaptive premium 3D and complete static fallback,Integrate end-to-end workflow for: Implement adaptive premium 3D and complete static fallback,P1,M3,T-0079,5,24,Lantern,High,Planned,See story and component/API specs,Integrate end-to-end workflow for: Implement adaptive premium 3D and complete static fallback completed with evidence linked to the story.
ST-0040,T-0080,Subtask,Lantern Configurator,Configurator experience,"Verify accessibility, performance, observability and traceability for: Implement adaptive premium 3D and complete static fallback","Verify accessibility, performance, observability and traceability for: Implement adaptive premium 3D and complete static fallback",P1,M3,T-0080,3,16,Lantern,Medium,Planned,Testing Strategy; Observability; RTM,"Verify accessibility, performance, observability and traceability for: Implement adaptive premium 3D and complete static fallback completed with evidence linked to the story."
F-0021,E-0007,Feature,Lantern Configurator,Submission and review,Submission and review,Provide the Submission and review capability within Lantern Configurator.,P1,M3,ST-0040,16,80,Lantern,Medium,Planned,See Owner Document Registry,Both child stories meet acceptance criteria and integration risks are resolved.
S-0041,F-0021,Story,Lantern Configurator,Submission and review,Create immutable submitted snapshots,"Every request can reproduce model, options and media versions.",P1,M3,F-0021,8,40,Lantern,Medium,Planned,See RTM/Owner Document,"Every request can reproduce model, options and media versions."
T-0081,S-0041,Task,Lantern Configurator,Submission and review,Implement data/API and state contract for: Create immutable submitted snapshots,Create the server-side/domain foundation required by story S-0041.,P1,M3,S-0041,3,16,Lantern,Medium,Planned,See story and RTM,Code/design reviewed; contracts validated; error and authorization paths covered.
T-0082,S-0041,Task,Lantern Configurator,Submission and review,Implement responsive UI and interaction for: Create immutable submitted snapshots,Complete the integrated workflow and user/operator experience for story S-0041.,P1,M3,T-0081,3,16,Lantern,Medium,Planned,See story and component/API specs,Happy path and documented recovery paths work in the target environment.
ST-0041,T-0082,Subtask,Lantern Configurator,Submission and review,"Add accessibility, analytics and automated tests for: Create immutable submitted snapshots",Provide verification and operational evidence for story S-0041.,P1,M3,T-0082,2,8,Lantern,Medium,Planned,Testing Strategy; Observability; RTM,Required test suites pass; telemetry is queryable; documentation and RTM are updated.
S-0042,F-0021,Story,Lantern Configurator,Submission and review,Implement operator lantern review,Andrea can request changes and convert a configuration into a quote.,P1,M3,ST-0041,8,40,Lantern,Medium,Planned,See RTM/Owner Document,Andrea can request changes and convert a configuration into a quote.
T-0083,S-0042,Task,Lantern Configurator,Submission and review,Implement data/API and state contract for: Implement operator lantern review,Create the server-side/domain foundation required by story S-0042.,P1,M3,S-0042,3,16,Lantern,Medium,Planned,See story and RTM,Code/design reviewed; contracts validated; error and authorization paths covered.
T-0084,S-0042,Task,Lantern Configurator,Submission and review,Implement responsive UI and interaction for: Implement operator lantern review,Complete the integrated workflow and user/operator experience for story S-0042.,P1,M3,T-0083,3,16,Lantern,Medium,Planned,See story and component/API specs,Happy path and documented recovery paths work in the target environment.
ST-0042,T-0084,Subtask,Lantern Configurator,Submission and review,"Add accessibility, analytics and automated tests for: Implement operator lantern review",Provide verification and operational evidence for story S-0042.,P1,M3,T-0084,2,8,Lantern,Medium,Planned,Testing Strategy; Observability; RTM,Required test suites pass; telemetry is queryable; documentation and RTM are updated.
E-0008,,Epic,Events & Local Marketing,,Events & Local Marketing,Deliver the Events & Local Marketing outcome and satisfy its quality gates.,P1,M3,E-0007,45,224,Events,Medium,Planned,README.md,All child features accepted; blocking risks closed; RTM and release evidence updated.
F-0022,E-0008,Feature,Events & Local Marketing,Event publishing,Event publishing,Provide the Event publishing capability within Events & Local Marketing.,P1,M3,E-0008,13,64,Events,Medium,Planned,See Owner Document Registry,Both child stories meet acceptance criteria and integration risks are resolved.
S-0043,F-0022,Story,Events & Local Marketing,Event publishing,Manage event calendar and detail pages,Upcoming and past events have accurate status and location.,P1,M3,F-0022,5,24,Events,Medium,Planned,See RTM/Owner Document,Upcoming and past events have accurate status and location.
T-0085,S-0043,Task,Events & Local Marketing,Event publishing,Implement data/API and state contract for: Manage event calendar and detail pages,Create the server-side/domain foundation required by story S-0043.,P1,M3,S-0043,2,8,Events,Medium,Planned,See story and RTM,Code/design reviewed; contracts validated; error and authorization paths covered.
T-0086,S-0043,Task,Events & Local Marketing,Event publishing,Implement responsive UI and interaction for: Manage event calendar and detail pages,Complete the integrated workflow and user/operator experience for story S-0043.,P1,M3,T-0085,2,8,Events,Medium,Planned,See story and component/API specs,Happy path and documented recovery paths work in the target environment.
ST-0043,T-0086,Subtask,Events & Local Marketing,Event publishing,"Add accessibility, analytics and automated tests for: Manage event calendar and detail pages",Provide verification and operational evidence for story S-0043.,P1,M3,T-0086,1,8,Events,Medium,Planned,Testing Strategy; Observability; RTM,Required test suites pass; telemetry is queryable; documentation and RTM are updated.
S-0044,F-0022,Story,Events & Local Marketing,Event publishing,Handle event changes and cancellation,Updates produce clear pages and notifications.,P1,M3,ST-0043,8,40,Events,Medium,Planned,See RTM/Owner Document,Updates produce clear pages and notifications.
T-0087,S-0044,Task,Events & Local Marketing,Event publishing,Implement data/API and state contract for: Handle event changes and cancellation,Create the server-side/domain foundation required by story S-0044.,P1,M3,S-0044,3,16,Events,Medium,Planned,See story and RTM,Code/design reviewed; contracts validated; error and authorization paths covered.
T-0088,S-0044,Task,Events & Local Marketing,Event publishing,Implement responsive UI and interaction for: Handle event changes and cancellation,Complete the integrated workflow and user/operator experience for story S-0044.,P1,M3,T-0087,3,16,Events,Medium,Planned,See story and component/API specs,Happy path and documented recovery paths work in the target environment.
ST-0044,T-0088,Subtask,Events & Local Marketing,Event publishing,"Add accessibility, analytics and automated tests for: Handle event changes and cancellation",Provide verification and operational evidence for story S-0044.,P1,M3,T-0088,2,8,Events,Medium,Planned,Testing Strategy; Observability; RTM,Required test suites pass; telemetry is queryable; documentation and RTM are updated.
F-0023,E-0008,Feature,Events & Local Marketing,Registration and lead capture,Registration and lead capture,Provide the Registration and lead capture capability within Events & Local Marketing.,P1,M3,ST-0044,16,80,Events,Medium,Planned,See Owner Document Registry,Both child stories meet acceptance criteria and integration risks are resolved.
S-0045,F-0023,Story,Events & Local Marketing,Registration and lead capture,Implement interest/registration flows,Consent and attendance intent are captured accessibly.,P1,M3,F-0023,8,40,Events,Medium,Planned,See RTM/Owner Document,Consent and attendance intent are captured accessibly.
T-0089,S-0045,Task,Events & Local Marketing,Registration and lead capture,Implement data/API and state contract for: Implement interest/registration flows,Create the server-side/domain foundation required by story S-0045.,P1,M3,S-0045,3,16,Events,Medium,Planned,See story and RTM,Code/design reviewed; contracts validated; error and authorization paths covered.
T-0090,S-0045,Task,Events & Local Marketing,Registration and lead capture,Implement responsive UI and interaction for: Implement interest/registration flows,Complete the integrated workflow and user/operator experience for story S-0045.,P1,M3,T-0089,3,16,Events,Medium,Planned,See story and component/API specs,Happy path and documented recovery paths work in the target environment.
ST-0045,T-0090,Subtask,Events & Local Marketing,Registration and lead capture,"Add accessibility, analytics and automated tests for: Implement interest/registration flows",Provide verification and operational evidence for story S-0045.,P1,M3,T-0090,2,8,Events,Medium,Planned,Testing Strategy; Observability; RTM,Required test suites pass; telemetry is queryable; documentation and RTM are updated.
S-0046,F-0023,Story,Events & Local Marketing,Registration and lead capture,Attribute event leads and outcomes,Offline and online conversions can be analyzed.,P1,M3,ST-0045,8,40,Events,Medium,Planned,See RTM/Owner Document,Offline and online conversions can be analyzed.
T-0091,S-0046,Task,Events & Local Marketing,Registration and lead capture,Implement data/API and state contract for: Attribute event leads and outcomes,Create the server-side/domain foundation required by story S-0046.,P1,M3,S-0046,3,16,Events,Medium,Planned,See story and RTM,Code/design reviewed; contracts validated; error and authorization paths covered.
T-0092,S-0046,Task,Events & Local Marketing,Registration and lead capture,Implement responsive UI and interaction for: Attribute event leads and outcomes,Complete the integrated workflow and user/operator experience for story S-0046.,P1,M3,T-0091,3,16,Events,Medium,Planned,See story and component/API specs,Happy path and documented recovery paths work in the target environment.
ST-0046,T-0092,Subtask,Events & Local Marketing,Registration and lead capture,"Add accessibility, analytics and automated tests for: Attribute event leads and outcomes",Provide verification and operational evidence for story S-0046.,P1,M3,T-0092,2,8,Events,Medium,Planned,Testing Strategy; Observability; RTM,Required test suites pass; telemetry is queryable; documentation and RTM are updated.
F-0024,E-0008,Feature,Events & Local Marketing,Local SEO and post-event content,Local SEO and post-event content,Provide the Local SEO and post-event content capability within Events & Local Marketing.,P1,M3,ST-0046,16,80,Events,Medium,Planned,See Owner Document Registry,Both child stories meet acceptance criteria and integration risks are resolved.
S-0047,F-0024,Story,Events & Local Marketing,Local SEO and post-event content,Publish valid event structured data,Search metadata reflects real dates and status.,P1,M3,F-0024,8,40,Events,Medium,Planned,See RTM/Owner Document,Search metadata reflects real dates and status.
T-0093,S-0047,Task,Events & Local Marketing,Local SEO and post-event content,Implement data/API and state contract for: Publish valid event structured data,Create the server-side/domain foundation required by story S-0047.,P1,M3,S-0047,3,16,Events,Medium,Planned,See story and RTM,Code/design reviewed; contracts validated; error and authorization paths covered.
T-0094,S-0047,Task,Events & Local Marketing,Local SEO and post-event content,Implement responsive UI and interaction for: Publish valid event structured data,Complete the integrated workflow and user/operator experience for story S-0047.,P1,M3,T-0093,3,16,Events,Medium,Planned,See story and component/API specs,Happy path and documented recovery paths work in the target environment.
ST-0047,T-0094,Subtask,Events & Local Marketing,Local SEO and post-event content,"Add accessibility, analytics and automated tests for: Publish valid event structured data",Provide verification and operational evidence for story S-0047.,P1,M3,T-0094,2,8,Events,Medium,Planned,Testing Strategy; Observability; RTM,Required test suites pass; telemetry is queryable; documentation and RTM are updated.
S-0048,F-0024,Story,Events & Local Marketing,Local SEO and post-event content,Create post-event galleries and follow-up,Approved media and follow-up content support trust and retention.,P1,M3,ST-0047,8,40,Events,Medium,Planned,See RTM/Owner Document,Approved media and follow-up content support trust and retention.
T-0095,S-0048,Task,Events & Local Marketing,Local SEO and post-event content,Implement data/API and state contract for: Create post-event galleries and follow-up,Create the server-side/domain foundation required by story S-0048.,P1,M3,S-0048,3,16,Events,Medium,Planned,See story and RTM,Code/design reviewed; contracts validated; error and authorization paths covered.
T-0096,S-0048,Task,Events & Local Marketing,Local SEO and post-event content,Implement responsive UI and interaction for: Create post-event galleries and follow-up,Complete the integrated workflow and user/operator experience for story S-0048.,P1,M3,T-0095,3,16,Events,Medium,Planned,See story and component/API specs,Happy path and documented recovery paths work in the target environment.
ST-0048,T-0096,Subtask,Events & Local Marketing,Local SEO and post-event content,"Add accessibility, analytics and automated tests for: Create post-event galleries and follow-up",Provide verification and operational evidence for story S-0048.,P1,M3,T-0096,2,8,Events,Medium,Planned,Testing Strategy; Observability; RTM,Required test suites pass; telemetry is queryable; documentation and RTM are updated.
E-0009,,Epic,Printer Assistance,,Printer Assistance,Deliver the Printer Assistance outcome and satisfy its quality gates.,P1,M3,E-0008,48,240,Assistance,Medium,Planned,README.md,All child features accepted; blocking risks closed; RTM and release evidence updated.
F-0025,E-0009,Feature,Printer Assistance,Assistance intake and triage,Assistance intake and triage,Provide the Assistance intake and triage capability within Printer Assistance.,P1,M3,E-0009,16,80,Assistance,Medium,Planned,See Owner Document Registry,Both child stories meet acceptance criteria and integration risks are resolved.
S-0049,F-0025,Story,Printer Assistance,Assistance intake and triage,"Capture machine, symptoms and evidence",Requests contain structured machine and issue data.,P1,M3,F-0025,8,40,Assistance,Medium,Planned,See RTM/Owner Document,Requests contain structured machine and issue data.
T-0097,S-0049,Task,Printer Assistance,Assistance intake and triage,"Implement service, data and security controls for: Capture machine, symptoms and evidence",Create the server-side/domain foundation required by story S-0049.,P1,M3,S-0049,3,16,Assistance,Medium,Planned,See story and RTM,Code/design reviewed; contracts validated; error and authorization paths covered.
T-0098,S-0049,Task,Printer Assistance,Assistance intake and triage,"Integrate end-to-end workflow for: Capture machine, symptoms and evidence",Complete the integrated workflow and user/operator experience for story S-0049.,P1,M3,T-0097,3,16,Assistance,Medium,Planned,See story and component/API specs,Happy path and documented recovery paths work in the target environment.
ST-0049,T-0098,Subtask,Printer Assistance,Assistance intake and triage,"Add automated tests, observability and runbook for: Capture machine, symptoms and evidence",Provide verification and operational evidence for story S-0049.,P1,M3,T-0098,2,8,Assistance,Medium,Planned,Testing Strategy; Observability; RTM,Required test suites pass; telemetry is queryable; documentation and RTM are updated.
S-0050,F-0025,Story,Printer Assistance,Assistance intake and triage,Implement transparent triage,Priority and next steps are suggested without false diagnosis.,P1,M3,ST-0049,8,40,Assistance,Medium,Planned,See RTM/Owner Document,Priority and next steps are suggested without false diagnosis.
T-0099,S-0050,Task,Printer Assistance,Assistance intake and triage,"Implement service, data and security controls for: Implement transparent triage",Create the server-side/domain foundation required by story S-0050.,P1,M3,S-0050,3,16,Assistance,Medium,Planned,See story and RTM,Code/design reviewed; contracts validated; error and authorization paths covered.
T-0100,S-0050,Task,Printer Assistance,Assistance intake and triage,Integrate end-to-end workflow for: Implement transparent triage,Complete the integrated workflow and user/operator experience for story S-0050.,P1,M3,T-0099,3,16,Assistance,Medium,Planned,See story and component/API specs,Happy path and documented recovery paths work in the target environment.
ST-0050,T-0100,Subtask,Printer Assistance,Assistance intake and triage,"Add automated tests, observability and runbook for: Implement transparent triage",Provide verification and operational evidence for story S-0050.,P1,M3,T-0100,2,8,Assistance,Medium,Planned,Testing Strategy; Observability; RTM,Required test suites pass; telemetry is queryable; documentation and RTM are updated.
F-0026,E-0009,Feature,Printer Assistance,Remote support and intervention,Remote support and intervention,Provide the Remote support and intervention capability within Printer Assistance.,P1,M3,ST-0050,16,80,Assistance,Medium,Planned,See Owner Document Registry,Both child stories meet acceptance criteria and integration risks are resolved.
S-0051,F-0026,Story,Printer Assistance,Remote support and intervention,Manage remote support consent and sessions,Support actions are authorized and logged.,P1,M3,F-0026,8,40,Assistance,Medium,Planned,See RTM/Owner Document,Support actions are authorized and logged.
T-0101,S-0051,Task,Printer Assistance,Remote support and intervention,"Implement service, data and security controls for: Manage remote support consent and sessions",Create the server-side/domain foundation required by story S-0051.,P1,M3,S-0051,3,16,Assistance,Medium,Planned,See story and RTM,Code/design reviewed; contracts validated; error and authorization paths covered.
T-0102,S-0051,Task,Printer Assistance,Remote support and intervention,Integrate end-to-end workflow for: Manage remote support consent and sessions,Complete the integrated workflow and user/operator experience for story S-0051.,P1,M3,T-0101,3,16,Assistance,Medium,Planned,See story and component/API specs,Happy path and documented recovery paths work in the target environment.
ST-0051,T-0102,Subtask,Printer Assistance,Remote support and intervention,"Add automated tests, observability and runbook for: Manage remote support consent and sessions",Provide verification and operational evidence for story S-0051.,P1,M3,T-0102,2,8,Assistance,Medium,Planned,Testing Strategy; Observability; RTM,Required test suites pass; telemetry is queryable; documentation and RTM are updated.
S-0052,F-0026,Story,Printer Assistance,Remote support and intervention,Manage workshop interventions,"Parts, actions, estimates and status remain traceable.",P1,M3,ST-0051,8,40,Assistance,Medium,Planned,See RTM/Owner Document,"Parts, actions, estimates and status remain traceable."
T-0103,S-0052,Task,Printer Assistance,Remote support and intervention,"Implement service, data and security controls for: Manage workshop interventions",Create the server-side/domain foundation required by story S-0052.,P1,M3,S-0052,3,16,Assistance,Medium,Planned,See story and RTM,Code/design reviewed; contracts validated; error and authorization paths covered.
T-0104,S-0052,Task,Printer Assistance,Remote support and intervention,Integrate end-to-end workflow for: Manage workshop interventions,Complete the integrated workflow and user/operator experience for story S-0052.,P1,M3,T-0103,3,16,Assistance,Medium,Planned,See story and component/API specs,Happy path and documented recovery paths work in the target environment.
ST-0052,T-0104,Subtask,Printer Assistance,Remote support and intervention,"Add automated tests, observability and runbook for: Manage workshop interventions",Provide verification and operational evidence for story S-0052.,P1,M3,T-0104,2,8,Assistance,Medium,Planned,Testing Strategy; Observability; RTM,Required test suites pass; telemetry is queryable; documentation and RTM are updated.
F-0027,E-0009,Feature,Printer Assistance,Communication and closure,Communication and closure,Provide the Communication and closure capability within Printer Assistance.,P1,M3,ST-0052,16,80,Assistance,Medium,Planned,See Owner Document Registry,Both child stories meet acceptance criteria and integration risks are resolved.
S-0053,F-0027,Story,Printer Assistance,Communication and closure,Implement assistance notifications,Customers receive state changes and required actions.,P1,M3,F-0027,8,40,Assistance,Medium,Planned,See RTM/Owner Document,Customers receive state changes and required actions.
T-0105,S-0053,Task,Printer Assistance,Communication and closure,"Implement service, data and security controls for: Implement assistance notifications",Create the server-side/domain foundation required by story S-0053.,P1,M3,S-0053,3,16,Assistance,Medium,Planned,See story and RTM,Code/design reviewed; contracts validated; error and authorization paths covered.
T-0106,S-0053,Task,Printer Assistance,Communication and closure,Integrate end-to-end workflow for: Implement assistance notifications,Complete the integrated workflow and user/operator experience for story S-0053.,P1,M3,T-0105,3,16,Assistance,Medium,Planned,See story and component/API specs,Happy path and documented recovery paths work in the target environment.
ST-0053,T-0106,Subtask,Printer Assistance,Communication and closure,"Add automated tests, observability and runbook for: Implement assistance notifications",Provide verification and operational evidence for story S-0053.,P1,M3,T-0106,2,8,Assistance,Medium,Planned,Testing Strategy; Observability; RTM,Required test suites pass; telemetry is queryable; documentation and RTM are updated.
S-0054,F-0027,Story,Printer Assistance,Communication and closure,Close cases with outcome and knowledge capture,"Resolution, unresolved risk and feedback are recorded.",P1,M3,ST-0053,8,40,Assistance,Medium,Planned,See RTM/Owner Document,"Resolution, unresolved risk and feedback are recorded."
T-0107,S-0054,Task,Printer Assistance,Communication and closure,"Implement service, data and security controls for: Close cases with outcome and knowledge capture",Create the server-side/domain foundation required by story S-0054.,P1,M3,S-0054,3,16,Assistance,Medium,Planned,See story and RTM,Code/design reviewed; contracts validated; error and authorization paths covered.
T-0108,S-0054,Task,Printer Assistance,Communication and closure,Integrate end-to-end workflow for: Close cases with outcome and knowledge capture,Complete the integrated workflow and user/operator experience for story S-0054.,P1,M3,T-0107,3,16,Assistance,Medium,Planned,See story and component/API specs,Happy path and documented recovery paths work in the target environment.
ST-0054,T-0108,Subtask,Printer Assistance,Communication and closure,"Add automated tests, observability and runbook for: Close cases with outcome and knowledge capture",Provide verification and operational evidence for story S-0054.,P1,M3,T-0108,2,8,Assistance,Medium,Planned,Testing Strategy; Observability; RTM,Required test suites pass; telemetry is queryable; documentation and RTM are updated.
E-0010,,Epic,Newsletter & CRM,,Newsletter & CRM,Deliver the Newsletter & CRM outcome and satisfy its quality gates.,P1,M3,E-0009,53,264,CRM,Medium,Planned,README.md,All child features accepted; blocking risks closed; RTM and release evidence updated.
F-0028,E-0010,Feature,Newsletter & CRM,Subscriber and consent,Subscriber and consent,Provide the Subscriber and consent capability within Newsletter & CRM.,P1,M3,E-0010,16,80,CRM,Medium,Planned,See Owner Document Registry,Both child stories meet acceptance criteria and integration risks are resolved.
S-0055,F-0028,Story,Newsletter & CRM,Subscriber and consent,Implement double opt-in lifecycle,Subscription requires verifiable confirmation.,P1,M3,F-0028,8,40,CRM,Medium,Planned,See RTM/Owner Document,Subscription requires verifiable confirmation.
T-0109,S-0055,Task,Newsletter & CRM,Subscriber and consent,"Implement service, data and security controls for: Implement double opt-in lifecycle",Create the server-side/domain foundation required by story S-0055.,P1,M3,S-0055,3,16,CRM,Medium,Planned,See story and RTM,Code/design reviewed; contracts validated; error and authorization paths covered.
T-0110,S-0055,Task,Newsletter & CRM,Subscriber and consent,Integrate end-to-end workflow for: Implement double opt-in lifecycle,Complete the integrated workflow and user/operator experience for story S-0055.,P1,M3,T-0109,3,16,CRM,Medium,Planned,See story and component/API specs,Happy path and documented recovery paths work in the target environment.
ST-0055,T-0110,Subtask,Newsletter & CRM,Subscriber and consent,"Add automated tests, observability and runbook for: Implement double opt-in lifecycle",Provide verification and operational evidence for story S-0055.,P1,M3,T-0110,2,8,CRM,Medium,Planned,Testing Strategy; Observability; RTM,Required test suites pass; telemetry is queryable; documentation and RTM are updated.
S-0056,F-0028,Story,Newsletter & CRM,Subscriber and consent,Implement preferences and suppression,"Unsubscribe, bounce and channel preference are enforced.",P1,M3,ST-0055,8,40,CRM,Medium,Planned,See RTM/Owner Document,"Unsubscribe, bounce and channel preference are enforced."
T-0111,S-0056,Task,Newsletter & CRM,Subscriber and consent,"Implement service, data and security controls for: Implement preferences and suppression",Create the server-side/domain foundation required by story S-0056.,P1,M3,S-0056,3,16,CRM,Medium,Planned,See story and RTM,Code/design reviewed; contracts validated; error and authorization paths covered.
T-0112,S-0056,Task,Newsletter & CRM,Subscriber and consent,Integrate end-to-end workflow for: Implement preferences and suppression,Complete the integrated workflow and user/operator experience for story S-0056.,P1,M3,T-0111,3,16,CRM,Medium,Planned,See story and component/API specs,Happy path and documented recovery paths work in the target environment.
ST-0056,T-0112,Subtask,Newsletter & CRM,Subscriber and consent,"Add automated tests, observability and runbook for: Implement preferences and suppression",Provide verification and operational evidence for story S-0056.,P1,M3,T-0112,2,8,CRM,Medium,Planned,Testing Strategy; Observability; RTM,Required test suites pass; telemetry is queryable; documentation and RTM are updated.
F-0029,E-0010,Feature,Newsletter & CRM,Campaign workflow,Campaign workflow,Provide the Campaign workflow capability within Newsletter & CRM.,P1,M3,ST-0056,21,104,CRM,Medium,Planned,See Owner Document Registry,Both child stories meet acceptance criteria and integration risks are resolved.
S-0057,F-0029,Story,Newsletter & CRM,Campaign workflow,Build campaign draft and review,"Content, links and segments are validated before schedule.",P1,M3,F-0029,8,40,CRM,Medium,Planned,See RTM/Owner Document,"Content, links and segments are validated before schedule."
T-0113,S-0057,Task,Newsletter & CRM,Campaign workflow,"Implement service, data and security controls for: Build campaign draft and review",Create the server-side/domain foundation required by story S-0057.,P1,M3,S-0057,3,16,CRM,Medium,Planned,See story and RTM,Code/design reviewed; contracts validated; error and authorization paths covered.
T-0114,S-0057,Task,Newsletter & CRM,Campaign workflow,Integrate end-to-end workflow for: Build campaign draft and review,Complete the integrated workflow and user/operator experience for story S-0057.,P1,M3,T-0113,3,16,CRM,Medium,Planned,See story and component/API specs,Happy path and documented recovery paths work in the target environment.
ST-0057,T-0114,Subtask,Newsletter & CRM,Campaign workflow,"Add automated tests, observability and runbook for: Build campaign draft and review",Provide verification and operational evidence for story S-0057.,P1,M3,T-0114,2,8,CRM,Medium,Planned,Testing Strategy; Observability; RTM,Required test suites pass; telemetry is queryable; documentation and RTM are updated.
S-0058,F-0029,Story,Newsletter & CRM,Campaign workflow,Implement scheduled delivery integration,"Delivery is queued, idempotent and observable.",P1,M3,ST-0057,13,64,CRM,High,Planned,See RTM/Owner Document,"Delivery is queued, idempotent and observable."
T-0115,S-0058,Task,Newsletter & CRM,Campaign workflow,"Implement service, data and security controls for: Implement scheduled delivery integration",Create the server-side/domain foundation required by story S-0058.,P1,M3,S-0058,5,24,CRM,High,Planned,See story and RTM,Code/design reviewed; contracts validated; error and authorization paths covered.
T-0116,S-0058,Task,Newsletter & CRM,Campaign workflow,Integrate end-to-end workflow for: Implement scheduled delivery integration,Complete the integrated workflow and user/operator experience for story S-0058.,P1,M3,T-0115,5,24,CRM,High,Planned,See story and component/API specs,Happy path and documented recovery paths work in the target environment.
ST-0058,T-0116,Subtask,Newsletter & CRM,Campaign workflow,"Add automated tests, observability and runbook for: Implement scheduled delivery integration",Provide verification and operational evidence for story S-0058.,P1,M3,T-0116,3,16,CRM,Medium,Planned,Testing Strategy; Observability; RTM,Required test suites pass; telemetry is queryable; documentation and RTM are updated.
F-0030,E-0010,Feature,Newsletter & CRM,Segmentation and measurement,Segmentation and measurement,Provide the Segmentation and measurement capability within Newsletter & CRM.,P1,M3,ST-0058,16,80,CRM,Medium,Planned,See Owner Document Registry,Both child stories meet acceptance criteria and integration risks are resolved.
S-0059,F-0030,Story,Newsletter & CRM,Segmentation and measurement,Build consent-aware segmentation,Segments use approved properties and purposes.,P1,M3,F-0030,8,40,CRM,Medium,Planned,See RTM/Owner Document,Segments use approved properties and purposes.
T-0117,S-0059,Task,Newsletter & CRM,Segmentation and measurement,"Implement service, data and security controls for: Build consent-aware segmentation",Create the server-side/domain foundation required by story S-0059.,P1,M3,S-0059,3,16,CRM,Medium,Planned,See story and RTM,Code/design reviewed; contracts validated; error and authorization paths covered.
T-0118,S-0059,Task,Newsletter & CRM,Segmentation and measurement,Integrate end-to-end workflow for: Build consent-aware segmentation,Complete the integrated workflow and user/operator experience for story S-0059.,P1,M3,T-0117,3,16,CRM,Medium,Planned,See story and component/API specs,Happy path and documented recovery paths work in the target environment.
ST-0059,T-0118,Subtask,Newsletter & CRM,Segmentation and measurement,"Add automated tests, observability and runbook for: Build consent-aware segmentation",Provide verification and operational evidence for story S-0059.,P1,M3,T-0118,2,8,CRM,Medium,Planned,Testing Strategy; Observability; RTM,Required test suites pass; telemetry is queryable; documentation and RTM are updated.
S-0060,F-0030,Story,Newsletter & CRM,Segmentation and measurement,Measure campaign outcomes,Delivery and engagement metrics exclude prohibited data.,P1,M3,ST-0059,8,40,CRM,Medium,Planned,See RTM/Owner Document,Delivery and engagement metrics exclude prohibited data.
T-0119,S-0060,Task,Newsletter & CRM,Segmentation and measurement,"Implement service, data and security controls for: Measure campaign outcomes",Create the server-side/domain foundation required by story S-0060.,P1,M3,S-0060,3,16,CRM,Medium,Planned,See story and RTM,Code/design reviewed; contracts validated; error and authorization paths covered.
T-0120,S-0060,Task,Newsletter & CRM,Segmentation and measurement,Integrate end-to-end workflow for: Measure campaign outcomes,Complete the integrated workflow and user/operator experience for story S-0060.,P1,M3,T-0119,3,16,CRM,Medium,Planned,See story and component/API specs,Happy path and documented recovery paths work in the target environment.
ST-0060,T-0120,Subtask,Newsletter & CRM,Segmentation and measurement,"Add automated tests, observability and runbook for: Measure campaign outcomes",Provide verification and operational evidence for story S-0060.,P1,M3,T-0120,2,8,CRM,Medium,Planned,Testing Strategy; Observability; RTM,Required test suites pass; telemetry is queryable; documentation and RTM are updated.
E-0011,,Epic,"NoLimits Command Center, Media & Operations UX",,"NoLimits Command Center, Media & Operations UX","Deliver the private operating system for Andrea, including queues, media, audit and system health.",P0,M2,E-0010,45,224,Admin,High,Planned,06_Admin/01_Admin_Information_Architecture.md; ADR-0023,All child features accepted; blocking risks closed; RTM and release evidence updated.
F-0031,E-0011,Feature,"NoLimits Command Center, Media & Operations UX",Command Center overview and navigation,Command Center overview and navigation,"Provide priority queues, module navigation and system status for Andrea.",P0,M2,E-0011,13,64,Admin,Medium,Planned,ADR-0023; 06_Admin/01_Admin_Information_Architecture.md,Both child stories meet acceptance criteria and integration risks are resolved.
S-0061,F-0031,Story,"NoLimits Command Center, Media & Operations UX",Command Center overview and navigation,Build Andrea-only operations dashboard,"Show actionable orders, quotes, custom requests, events, stock, content, SEO and system health.",P0,M2,F-0031,8,40,Admin,Medium,Planned,See RTM/Owner Document,"Andrea sees prioritized work with source record, owner, age and deep link; unauthorized identities are denied."
T-0121,S-0061,Task,"Admin, Media & Operations UX",Admin overview and navigation,Implement data/API and state contract for: Build role-aware operations dashboard,Create the server-side/domain foundation required by story S-0061.,P0,M2,S-0061,3,16,Admin,Medium,Planned,See story and RTM,Code/design reviewed; contracts validated; error and authorization paths covered.
T-0122,S-0061,Task,"Admin, Media & Operations UX",Admin overview and navigation,Implement responsive UI and interaction for: Build role-aware operations dashboard,Complete the integrated workflow and user/operator experience for story S-0061.,P0,M2,T-0121,3,16,Admin,Medium,Planned,See story and component/API specs,Happy path and documented recovery paths work in the target environment.
ST-0061,T-0122,Subtask,"Admin, Media & Operations UX",Admin overview and navigation,"Add accessibility, analytics and automated tests for: Build role-aware operations dashboard",Provide verification and operational evidence for story S-0061.,P0,M2,T-0122,2,8,Admin,Medium,Planned,Testing Strategy; Observability; RTM,Required test suites pass; telemetry is queryable; documentation and RTM are updated.
S-0062,F-0031,Story,"NoLimits Command Center, Media & Operations UX",Command Center overview and navigation,Build resilient Command Center navigation,Modules and deep links remain usable on desktop/tablet/mobile triage surfaces.,P0,M2,ST-0061,5,24,Admin,Medium,Planned,See RTM/Owner Document,Navigation is capability-aware and contains Jarvis only for Andrea.
T-0123,S-0062,Task,"Admin, Media & Operations UX",Admin overview and navigation,Implement data/API and state contract for: Build resilient admin navigation,Create the server-side/domain foundation required by story S-0062.,P0,M2,S-0062,2,8,Admin,Medium,Planned,See story and RTM,Code/design reviewed; contracts validated; error and authorization paths covered.
T-0124,S-0062,Task,"Admin, Media & Operations UX",Admin overview and navigation,Implement responsive UI and interaction for: Build resilient admin navigation,Complete the integrated workflow and user/operator experience for story S-0062.,P0,M2,T-0123,2,8,Admin,Medium,Planned,See story and component/API specs,Happy path and documented recovery paths work in the target environment.
ST-0062,T-0124,Subtask,"Admin, Media & Operations UX",Admin overview and navigation,"Add accessibility, analytics and automated tests for: Build resilient admin navigation",Provide verification and operational evidence for story S-0062.,P0,M2,T-0124,1,8,Admin,Medium,Planned,Testing Strategy; Observability; RTM,Required test suites pass; telemetry is queryable; documentation and RTM are updated.
F-0032,E-0011,Feature,"NoLimits Command Center, Media & Operations UX",Media Library,Media Library,"Provide the Media Library capability within Admin, Media & Operations UX.",P0,M2,ST-0062,16,80,Admin,Medium,Planned,See Owner Document Registry,Both child stories meet acceptance criteria and integration risks are resolved.
S-0063,F-0032,Story,"NoLimits Command Center, Media & Operations UX",Media Library,Implement asset lifecycle and metadata,"Upload, review, rights and archive follow Media specification.",P0,M2,F-0032,8,40,Admin,Medium,Planned,See RTM/Owner Document,"Upload, review, rights and archive follow Media specification."
T-0125,S-0063,Task,"Admin, Media & Operations UX",Media Library,Implement data/API and state contract for: Implement asset lifecycle and metadata,Create the server-side/domain foundation required by story S-0063.,P0,M2,S-0063,3,16,Admin,Medium,Planned,See story and RTM,Code/design reviewed; contracts validated; error and authorization paths covered.
T-0126,S-0063,Task,"Admin, Media & Operations UX",Media Library,Implement responsive UI and interaction for: Implement asset lifecycle and metadata,Complete the integrated workflow and user/operator experience for story S-0063.,P0,M2,T-0125,3,16,Admin,Medium,Planned,See story and component/API specs,Happy path and documented recovery paths work in the target environment.
ST-0063,T-0126,Subtask,"Admin, Media & Operations UX",Media Library,"Add accessibility, analytics and automated tests for: Implement asset lifecycle and metadata",Provide verification and operational evidence for story S-0063.,P0,M2,T-0126,2,8,Admin,Medium,Planned,Testing Strategy; Observability; RTM,Required test suites pass; telemetry is queryable; documentation and RTM are updated.
S-0064,F-0032,Story,"NoLimits Command Center, Media & Operations UX",Media Library,Implement derivatives and usage graph,Editors can select optimized assets and prevent broken references.,P0,M2,ST-0063,8,40,Admin,Medium,Planned,See RTM/Owner Document,Editors can select optimized assets and prevent broken references.
T-0127,S-0064,Task,"Admin, Media & Operations UX",Media Library,Implement data/API and state contract for: Implement derivatives and usage graph,Create the server-side/domain foundation required by story S-0064.,P0,M2,S-0064,3,16,Admin,Medium,Planned,See story and RTM,Code/design reviewed; contracts validated; error and authorization paths covered.
T-0128,S-0064,Task,"Admin, Media & Operations UX",Media Library,Implement responsive UI and interaction for: Implement derivatives and usage graph,Complete the integrated workflow and user/operator experience for story S-0064.,P0,M2,T-0127,3,16,Admin,Medium,Planned,See story and component/API specs,Happy path and documented recovery paths work in the target environment.
ST-0064,T-0128,Subtask,"Admin, Media & Operations UX",Media Library,"Add accessibility, analytics and automated tests for: Implement derivatives and usage graph",Provide verification and operational evidence for story S-0064.,P0,M2,T-0128,2,8,Admin,Medium,Planned,Testing Strategy; Observability; RTM,Required test suites pass; telemetry is queryable; documentation and RTM are updated.
F-0033,E-0011,Feature,"NoLimits Command Center, Media & Operations UX",Audit and settings,Audit and settings,"Provide the Audit and settings capability within Admin, Media & Operations UX.",P0,M2,ST-0064,16,80,Admin,Medium,Planned,See Owner Document Registry,Both child stories meet acceptance criteria and integration risks are resolved.
S-0065,F-0033,Story,"NoLimits Command Center, Media & Operations UX",Audit and settings,Implement audit explorer,Authorized users can reconstruct significant actions.,P0,M2,F-0033,8,40,Admin,Medium,Planned,See RTM/Owner Document,Authorized users can reconstruct significant actions.
T-0129,S-0065,Task,"Admin, Media & Operations UX",Audit and settings,Implement data/API and state contract for: Implement audit explorer,Create the server-side/domain foundation required by story S-0065.,P0,M2,S-0065,3,16,Admin,Medium,Planned,See story and RTM,Code/design reviewed; contracts validated; error and authorization paths covered.
T-0130,S-0065,Task,"Admin, Media & Operations UX",Audit and settings,Implement responsive UI and interaction for: Implement audit explorer,Complete the integrated workflow and user/operator experience for story S-0065.,P0,M2,T-0129,3,16,Admin,Medium,Planned,See story and component/API specs,Happy path and documented recovery paths work in the target environment.
ST-0065,T-0130,Subtask,"Admin, Media & Operations UX",Audit and settings,"Add accessibility, analytics and automated tests for: Implement audit explorer",Provide verification and operational evidence for story S-0065.,P0,M2,T-0130,2,8,Admin,Medium,Planned,Testing Strategy; Observability; RTM,Required test suites pass; telemetry is queryable; documentation and RTM are updated.
S-0066,F-0033,Story,"NoLimits Command Center, Media & Operations UX",Audit and settings,Implement governed settings,"Configuration changes are validated, versioned and recoverable.",P0,M2,ST-0065,8,40,Admin,Medium,Planned,See RTM/Owner Document,"Configuration changes are validated, versioned and recoverable."
T-0131,S-0066,Task,"Admin, Media & Operations UX",Audit and settings,Implement data/API and state contract for: Implement governed settings,Create the server-side/domain foundation required by story S-0066.,P0,M2,S-0066,3,16,Admin,Medium,Planned,See story and RTM,Code/design reviewed; contracts validated; error and authorization paths covered.
T-0132,S-0066,Task,"Admin, Media & Operations UX",Audit and settings,Implement responsive UI and interaction for: Implement governed settings,Complete the integrated workflow and user/operator experience for story S-0066.,P0,M2,T-0131,3,16,Admin,Medium,Planned,See story and component/API specs,Happy path and documented recovery paths work in the target environment.
ST-0066,T-0132,Subtask,"Admin, Media & Operations UX",Audit and settings,"Add accessibility, analytics and automated tests for: Implement governed settings",Provide verification and operational evidence for story S-0066.,P0,M2,T-0132,2,8,Admin,Medium,Planned,Testing Strategy; Observability; RTM,Required test suites pass; telemetry is queryable; documentation and RTM are updated.
E-0012,,Epic,Private AI Platform & Jarvis,,Private AI Platform & Jarvis,Deliver Andrea-only Jarvis orchestration and governed tools inside the Command Center.,P1,M4,E-0011,48,240,AI,Medium,Planned,07_AI/02_Jarvis_Admin.md; ADR-0020,All child features accepted; blocking risks closed; RTM and release evidence updated.
F-0034,E-0012,Feature,Private AI Platform & Jarvis,Jarvis orchestration and security,Jarvis orchestration and security,"Implement Andrea-only identity, modes, tool gateway, approvals and audit.",P1,M4,E-0012,16,80,AI,High,Planned,See Owner Document Registry,Both child stories meet acceptance criteria and integration risks are resolved.
S-0067,F-0034,Story,Private AI Platform & Jarvis,Jarvis orchestration and security,Implement private Jarvis tool registry and three operating modes,"Register tools, schemas, capability/risk tiers and modes Assistant, Operational and Architect.",P1,M4,F-0034,8,40,AI,Medium,Planned,See RTM/Owner Document,Only Andrea can access; mode policy and tool allowlist are enforced server-side.
T-0133,S-0067,Task,Private AI Platform & Jarvis,AI orchestration and security,Implement secure orchestration/backend for: Implement prompt/tool registry,Create the server-side/domain foundation required by story S-0067.,P1,M4,S-0067,3,16,AI,Medium,Planned,See story and RTM,Code/design reviewed; contracts validated; error and authorization paths covered.
T-0134,S-0067,Task,Private AI Platform & Jarvis,AI orchestration and security,Implement Command Center Jarvis interaction and impact preview,"Build admin-only UI for mode, plan, diff, risk, approval and outcome; no customer workflow.",P1,M4,T-0133,3,16,AI,Medium,Planned,See story and component/API specs,No public/customer route or navigation exposes Jarvis; impact preview is accessible.
ST-0067,T-0134,Subtask,Private AI Platform & Jarvis,AI orchestration and security,"Add evals, telemetry and failure tests for: Implement prompt/tool registry",Provide verification and operational evidence for story S-0067.,P1,M4,T-0134,2,8,AI,Medium,Planned,Testing Strategy; Observability; RTM,Required test suites pass; telemetry is queryable; documentation and RTM are updated.
S-0068,F-0034,Story,Private AI Platform & Jarvis,AI orchestration and security,Implement provenance and eval harness,"Executions record sources, model, cost, outcome and regression metrics.",P1,M4,ST-0067,8,40,AI,Medium,Planned,See RTM/Owner Document,"Executions record sources, model, cost, outcome and regression metrics."
T-0135,S-0068,Task,Private AI Platform & Jarvis,Jarvis orchestration and security,Implement private orchestration backend for provenance and eval,"Create the Andrea-only server-side provenance, model/cost and evaluation foundation for story S-0068.",P1,M4,S-0068,3,16,AI,Medium,Planned,See story and RTM,Code/design reviewed; contracts validated; error and authorization paths covered.
T-0136,S-0068,Task,Private AI Platform & Jarvis,Jarvis orchestration and security,Implement Command Center evaluation workflow,"Provide Andrea with private evaluation, trace review and regression controls for story S-0068.",P1,M4,T-0135,3,16,AI,Medium,Planned,See story and component/API specs,Happy path and documented recovery paths work in the target environment.
ST-0068,T-0136,Subtask,Private AI Platform & Jarvis,Jarvis orchestration and security,"Verify provenance, eval telemetry and failure handling",Provide verification and operational evidence for private story S-0068.,P1,M4,T-0136,2,8,AI,Medium,Planned,Testing Strategy; Observability; RTM,Required test suites pass; telemetry is queryable; documentation and RTM are updated.
F-0035,E-0012,Feature,Private AI Platform & Jarvis,Jarvis read and draft capabilities,Jarvis read and draft capabilities,Provide the Jarvis read and draft capabilities capability within AI Platform & Jarvis.,P1,M4,ST-0068,16,80,AI,Medium,Planned,See Owner Document Registry,Both child stories meet acceptance criteria and integration risks are resolved.
S-0069,F-0035,Story,Private AI Platform & Jarvis,Jarvis read and draft capabilities,Implement Andrea-scoped retrieval and memory,Retrieve only authorized Project Atlas sources and separate session/task/preference/organizational memory.,P1,M4,F-0035,8,40,AI,Medium,Planned,See RTM/Owner Document,Jarvis retrieves only authorized current resources.
T-0137,S-0069,Task,Private AI Platform & Jarvis,Jarvis read and draft capabilities,Implement private retrieval and memory boundaries,"Create the Andrea-scoped retrieval, source authorization and memory foundation for story S-0069.",P1,M4,S-0069,3,16,AI,Medium,Planned,See story and RTM,Code/design reviewed; contracts validated; error and authorization paths covered.
T-0138,S-0069,Task,Private AI Platform & Jarvis,Jarvis read and draft capabilities,Implement Andrea-only retrieval experience,"Provide permission-scoped search, source display and memory controls inside the Command Center.",P1,M4,T-0137,3,16,AI,Medium,Planned,See story and component/API specs,Happy path and documented recovery paths work in the target environment.
ST-0069,T-0138,Subtask,Private AI Platform & Jarvis,Jarvis read and draft capabilities,Verify retrieval isolation and memory controls,"Test unauthorized-source denial, provenance and memory lifecycle for story S-0069.",P1,M4,T-0138,2,8,AI,Medium,Planned,Testing Strategy; Observability; RTM,Required test suites pass; telemetry is queryable; documentation and RTM are updated.
S-0070,F-0035,Story,Private AI Platform & Jarvis,Jarvis read and draft capabilities,"Implement preview, approval and audited execution workflows",Draft and execute allowed actions using scoped approvals and server-side tools.,P1,M4,ST-0069,8,40,AI,Medium,Planned,See RTM/Owner Document,"Catalog, SEO, replies and summaries remain reviewable drafts."
T-0139,S-0070,Task,Private AI Platform & Jarvis,Jarvis read and draft capabilities,Implement approval-gated Jarvis execution backend,"Create preview, scoped approval, tool authorization and audited execution for story S-0070.",P1,M4,S-0070,3,16,AI,Medium,Planned,See story and RTM,Code/design reviewed; contracts validated; error and authorization paths covered.
T-0140,S-0070,Task,Private AI Platform & Jarvis,Jarvis read and draft capabilities,Implement Command Center preview and approval workflow,"Provide Andrea with diff, impact, risk, confirmation and result views for story S-0070.",P1,M4,T-0139,3,16,AI,Medium,Planned,See story and component/API specs,Happy path and documented recovery paths work in the target environment.
ST-0070,T-0140,Subtask,Private AI Platform & Jarvis,Jarvis read and draft capabilities,Verify approval boundaries and irreversible-action blocks,"Test preview, approval expiry, forbidden actions, audit and recovery for story S-0070.",P1,M4,T-0140,2,8,AI,Medium,Planned,Testing Strategy; Observability; RTM,Required test suites pass; telemetry is queryable; documentation and RTM are updated.
F-0036,E-0012,Feature,Private AI Platform & Jarvis,Jarvis specialized tools,Jarvis specialized tools,Integrate internal tools behind one orchestrator with access restricted to Andrea in the Command Center.,P1,M4,ST-0070,16,80,AI,Medium,Planned,See Owner Document Registry,Both child stories meet acceptance criteria and integration risks are resolved.
S-0071,F-0036,Story,Private AI Platform & Jarvis,Jarvis specialized tools,"Integrate Catalog, Media, SEO, Newsletter and CRM tools",Expose specialized capabilities to Jarvis only through the private tool gateway.,P1,M4,F-0036,8,40,AI,Medium,Planned,See RTM/Owner Document,Specialists share common security and provenance controls.
T-0141,S-0071,Task,Private AI Platform & Jarvis,Jarvis specialized tools,Implement private Jarvis tool adapters,"Integrate Catalog, Media, SEO, Newsletter and CRM capabilities behind the Andrea-only tool gateway.",P1,M4,S-0071,3,16,AI,Medium,Planned,See story and RTM,Code/design reviewed; contracts validated; error and authorization paths covered.
T-0142,S-0071,Task,Private AI Platform & Jarvis,Jarvis specialized tools,Implement Command Center tool workflows,"Provide Andrea-only tool selection, preview, approval and result experiences for story S-0071.",P1,M4,T-0141,3,16,AI,Medium,Planned,See story and component/API specs,Happy path and documented recovery paths work in the target environment.
ST-0071,T-0142,Subtask,Private AI Platform & Jarvis,Jarvis specialized tools,Verify specialized tool permissions and regressions,"Test tool schemas, capability checks, approval tiers, audit and fallback for story S-0071.",P1,M4,T-0142,2,8,AI,Medium,Planned,Testing Strategy; Observability; RTM,Required test suites pass; telemetry is queryable; documentation and RTM are updated.
S-0072,F-0036,Story,Private AI Platform & Jarvis,Jarvis specialized tools,Implement AI monitoring and fallback,"Failures, injection attempts and cost anomalies are visible and recoverable.",P1,M4,ST-0071,8,40,AI,Medium,Planned,See RTM/Owner Document,"Failures, injection attempts and cost anomalies are visible and recoverable."
T-0143,S-0072,Task,Private AI Platform & Jarvis,Jarvis specialized tools,Implement private AI monitoring and kill switch,"Create cost, latency, injection, failure and capability-disable controls for story S-0072.",P1,M4,S-0072,3,16,AI,Medium,Planned,See story and RTM,Code/design reviewed; contracts validated; error and authorization paths covered.
T-0144,S-0072,Task,Private AI Platform & Jarvis,Jarvis specialized tools,Implement Command Center AI health and recovery views,"Expose alerts, degraded state, retry guidance and kill-switch status only to Andrea.",P1,M4,T-0143,3,16,AI,Medium,Planned,See story and component/API specs,Happy path and documented recovery paths work in the target environment.
ST-0072,T-0144,Subtask,Private AI Platform & Jarvis,Jarvis specialized tools,"Verify AI monitoring, fallback and operator recovery","Exercise provider outage, injection attempt, budget breach and safe degradation for story S-0072.",P1,M4,T-0144,2,8,AI,Medium,Planned,Testing Strategy; Observability; RTM,Required test suites pass; telemetry is queryable; documentation and RTM are updated.
E-0013,,Epic,"Security, Privacy & Engineering Operations",,"Security, Privacy & Engineering Operations","Deliver the Security, Privacy & Engineering Operations outcome and satisfy its quality gates.",P0,M1,E-0012,63,312,Operations,High,Planned,README.md,All child features accepted; blocking risks closed; RTM and release evidence updated.
F-0037,E-0013,Feature,"Security, Privacy & Engineering Operations",Application security,Application security,"Provide the Application security capability within Security, Privacy & Engineering Operations.",P0,M1,E-0013,21,104,Operations,High,Planned,See Owner Document Registry,Both child stories meet acceptance criteria and integration risks are resolved.
S-0073,F-0037,Story,"Security, Privacy & Engineering Operations",Application security,Implement secure defaults and threat controls,"Headers, sessions, rate limits and validation match threat model.",P0,M1,F-0037,8,40,Operations,Medium,Planned,See RTM/Owner Document,"Headers, sessions, rate limits and validation match threat model."
T-0145,S-0073,Task,"Security, Privacy & Engineering Operations",Application security,"Implement service, data and security controls for: Implement secure defaults and threat controls",Create the server-side/domain foundation required by story S-0073.,P0,M1,S-0073,3,16,Operations,Medium,Planned,See story and RTM,Code/design reviewed; contracts validated; error and authorization paths covered.
T-0146,S-0073,Task,"Security, Privacy & Engineering Operations",Application security,Integrate end-to-end workflow for: Implement secure defaults and threat controls,Complete the integrated workflow and user/operator experience for story S-0073.,P0,M1,T-0145,3,16,Operations,Medium,Planned,See story and component/API specs,Happy path and documented recovery paths work in the target environment.
ST-0073,T-0146,Subtask,"Security, Privacy & Engineering Operations",Application security,"Add automated tests, observability and runbook for: Implement secure defaults and threat controls",Provide verification and operational evidence for story S-0073.,P0,M1,T-0146,2,8,Operations,Medium,Planned,Testing Strategy; Observability; RTM,Required test suites pass; telemetry is queryable; documentation and RTM are updated.
S-0074,F-0037,Story,"Security, Privacy & Engineering Operations",Application security,Implement secrets and dependency security,"Secrets, packages and builds are scanned and rotated.",P0,M1,ST-0073,13,64,Operations,High,Planned,See RTM/Owner Document,"Secrets, packages and builds are scanned and rotated."
T-0147,S-0074,Task,"Security, Privacy & Engineering Operations",Application security,"Implement service, data and security controls for: Implement secrets and dependency security",Create the server-side/domain foundation required by story S-0074.,P0,M1,S-0074,5,24,Operations,High,Planned,See story and RTM,Code/design reviewed; contracts validated; error and authorization paths covered.
T-0148,S-0074,Task,"Security, Privacy & Engineering Operations",Application security,Integrate end-to-end workflow for: Implement secrets and dependency security,Complete the integrated workflow and user/operator experience for story S-0074.,P0,M1,T-0147,5,24,Operations,High,Planned,See story and component/API specs,Happy path and documented recovery paths work in the target environment.
ST-0074,T-0148,Subtask,"Security, Privacy & Engineering Operations",Application security,"Add automated tests, observability and runbook for: Implement secrets and dependency security",Provide verification and operational evidence for story S-0074.,P0,M1,T-0148,3,16,Operations,Medium,Planned,Testing Strategy; Observability; RTM,Required test suites pass; telemetry is queryable; documentation and RTM are updated.
F-0038,E-0013,Feature,"Security, Privacy & Engineering Operations",Reliability and recovery,Reliability and recovery,"Provide the Reliability and recovery capability within Security, Privacy & Engineering Operations.",P0,M1,ST-0074,21,104,Operations,Medium,Planned,See Owner Document Registry,Both child stories meet acceptance criteria and integration risks are resolved.
S-0075,F-0038,Story,"Security, Privacy & Engineering Operations",Reliability and recovery,Implement cloud and PC Worker observability and alerting,"Correlate Vercel, Supabase and Compute Worker health, jobs and quota risks.",P0,M1,F-0038,8,40,Operations,Medium,Planned,11_Engineering_Operations/04_Observability.md; ADR-0013,"Correlate Vercel, Supabase and Compute Worker health, jobs and quota risks."
T-0149,S-0075,Task,"Security, Privacy & Engineering Operations",Reliability and recovery,Implement architecture and controls for: Implement cloud and PC Worker observability and alerting,Implement architecture and controls for: Implement cloud and PC Worker observability and alerting,P0,M1,S-0075,3,16,Operations,Medium,Planned,See story and RTM,Implement architecture and controls for: Implement cloud and PC Worker observability and alerting completed with evidence linked to the story.
T-0150,S-0075,Task,"Security, Privacy & Engineering Operations",Reliability and recovery,Integrate end-to-end workflow for: Implement cloud and PC Worker observability and alerting,Integrate end-to-end workflow for: Implement cloud and PC Worker observability and alerting,P0,M1,T-0149,3,16,Operations,Medium,Planned,See story and component/API specs,Integrate end-to-end workflow for: Implement cloud and PC Worker observability and alerting completed with evidence linked to the story.
ST-0075,T-0150,Subtask,"Security, Privacy & Engineering Operations",Reliability and recovery,"Verify accessibility, performance, observability and traceability for: Implement cloud and PC Worker observability and alerting","Verify accessibility, performance, observability and traceability for: Implement cloud and PC Worker observability and alerting",P0,M1,T-0150,2,8,Operations,Medium,Planned,Testing Strategy; Observability; RTM,"Verify accessibility, performance, observability and traceability for: Implement cloud and PC Worker observability and alerting completed with evidence linked to the story."
S-0076,F-0038,Story,"Security, Privacy & Engineering Operations",Reliability and recovery,"Implement backup, restore and disaster drills",RPO/RTO are tested with evidence and runbooks.,P0,M1,ST-0075,13,64,Operations,High,Planned,See RTM/Owner Document,RPO/RTO are tested with evidence and runbooks.
T-0151,S-0076,Task,"Security, Privacy & Engineering Operations",Reliability and recovery,"Implement service, data and security controls for: Implement backup, restore and disaster drills",Create the server-side/domain foundation required by story S-0076.,P0,M1,S-0076,5,24,Operations,High,Planned,See story and RTM,Code/design reviewed; contracts validated; error and authorization paths covered.
T-0152,S-0076,Task,"Security, Privacy & Engineering Operations",Reliability and recovery,"Integrate end-to-end workflow for: Implement backup, restore and disaster drills",Complete the integrated workflow and user/operator experience for story S-0076.,P0,M1,T-0151,5,24,Operations,High,Planned,See story and component/API specs,Happy path and documented recovery paths work in the target environment.
ST-0076,T-0152,Subtask,"Security, Privacy & Engineering Operations",Reliability and recovery,"Add automated tests, observability and runbook for: Implement backup, restore and disaster drills",Provide verification and operational evidence for story S-0076.,P0,M1,T-0152,3,16,Operations,Medium,Planned,Testing Strategy; Observability; RTM,Required test suites pass; telemetry is queryable; documentation and RTM are updated.
F-0039,E-0013,Feature,"Security, Privacy & Engineering Operations",CI/CD and release governance,CI/CD and release governance,"Provide the CI/CD and release governance capability within Security, Privacy & Engineering Operations.",P0,M1,ST-0076,21,104,Operations,High,Planned,See Owner Document Registry,Both child stories meet acceptance criteria and integration risks are resolved.
S-0077,F-0039,Story,"Security, Privacy & Engineering Operations",CI/CD and release governance,Build GitHub-to-Vercel/Supabase staged deployment pipeline,"Create PR previews, migration gates, release evidence and worker artifact flow.",P0,M1,F-0039,13,64,Operations,High,Planned,11_Engineering_Operations/03_CICD_Deployment.md; ADR-0013,"Create PR previews, migration gates, release evidence and worker artifact flow."
T-0153,S-0077,Task,"Security, Privacy & Engineering Operations",CI/CD and release governance,Implement architecture and controls for: Build GitHub-to-Vercel/Supabase staged deployment pipeline,Implement architecture and controls for: Build GitHub-to-Vercel/Supabase staged deployment pipeline,P0,M1,S-0077,5,24,Operations,High,Planned,See story and RTM,Implement architecture and controls for: Build GitHub-to-Vercel/Supabase staged deployment pipeline completed with evidence linked to the story.
T-0154,S-0077,Task,"Security, Privacy & Engineering Operations",CI/CD and release governance,Integrate end-to-end workflow for: Build GitHub-to-Vercel/Supabase staged deployment pipeline,Integrate end-to-end workflow for: Build GitHub-to-Vercel/Supabase staged deployment pipeline,P0,M1,T-0153,5,24,Operations,High,Planned,See story and component/API specs,Integrate end-to-end workflow for: Build GitHub-to-Vercel/Supabase staged deployment pipeline completed with evidence linked to the story.
ST-0077,T-0154,Subtask,"Security, Privacy & Engineering Operations",CI/CD and release governance,"Verify accessibility, performance, observability and traceability for: Build GitHub-to-Vercel/Supabase staged deployment pipeline","Verify accessibility, performance, observability and traceability for: Build GitHub-to-Vercel/Supabase staged deployment pipeline",P0,M1,T-0154,3,16,Operations,Medium,Planned,Testing Strategy; Observability; RTM,"Verify accessibility, performance, observability and traceability for: Build GitHub-to-Vercel/Supabase staged deployment pipeline completed with evidence linked to the story."
S-0078,F-0039,Story,"Security, Privacy & Engineering Operations",CI/CD and release governance,Implement feature flags and rollback,Risky features can be disabled without emergency code changes.,P0,M1,ST-0077,8,40,Operations,Medium,Planned,See RTM/Owner Document,Risky features can be disabled without emergency code changes.
T-0155,S-0078,Task,"Security, Privacy & Engineering Operations",CI/CD and release governance,"Implement service, data and security controls for: Implement feature flags and rollback",Create the server-side/domain foundation required by story S-0078.,P0,M1,S-0078,3,16,Operations,Medium,Planned,See story and RTM,Code/design reviewed; contracts validated; error and authorization paths covered.
T-0156,S-0078,Task,"Security, Privacy & Engineering Operations",CI/CD and release governance,Integrate end-to-end workflow for: Implement feature flags and rollback,Complete the integrated workflow and user/operator experience for story S-0078.,P0,M1,T-0155,3,16,Operations,Medium,Planned,See story and component/API specs,Happy path and documented recovery paths work in the target environment.
ST-0078,T-0156,Subtask,"Security, Privacy & Engineering Operations",CI/CD and release governance,"Add automated tests, observability and runbook for: Implement feature flags and rollback",Provide verification and operational evidence for story S-0078.,P0,M1,T-0156,2,8,Operations,Medium,Planned,Testing Strategy; Observability; RTM,Required test suites pass; telemetry is queryable; documentation and RTM are updated.
E-0014,,Epic,Phase 1 Launch,,Phase 1 Launch,Deliver the Phase 1 Launch outcome and satisfy its quality gates.,P0,M4,E-0013,50,248,Launch,High,Planned,README.md,All child features accepted; blocking risks closed; RTM and release evidence updated.
F-0040,E-0014,Feature,Phase 1 Launch,Content and SEO readiness,Content and SEO readiness,Provide the Content and SEO readiness capability within Phase 1 Launch.,P0,M4,E-0014,13,64,Launch,Medium,Planned,See Owner Document Registry,Both child stories meet acceptance criteria and integration risks are resolved.
S-0079,F-0040,Story,Phase 1 Launch,Content and SEO readiness,Complete content inventory and migration,"Every launch URL has approved content, media and owner.",P0,M4,F-0040,5,24,Launch,Medium,Planned,See RTM/Owner Document,"Every launch URL has approved content, media and owner."
T-0157,S-0079,Task,Phase 1 Launch,Content and SEO readiness,"Implement service, data and security controls for: Complete content inventory and migration",Create the server-side/domain foundation required by story S-0079.,P0,M4,S-0079,2,8,Launch,Medium,Planned,See story and RTM,Code/design reviewed; contracts validated; error and authorization paths covered.
T-0158,S-0079,Task,Phase 1 Launch,Content and SEO readiness,Integrate end-to-end workflow for: Complete content inventory and migration,Complete the integrated workflow and user/operator experience for story S-0079.,P0,M4,T-0157,2,8,Launch,Medium,Planned,See story and component/API specs,Happy path and documented recovery paths work in the target environment.
ST-0079,T-0158,Subtask,Phase 1 Launch,Content and SEO readiness,"Add automated tests, observability and runbook for: Complete content inventory and migration",Provide verification and operational evidence for story S-0079.,P0,M4,T-0158,1,8,Launch,Medium,Planned,Testing Strategy; Observability; RTM,Required test suites pass; telemetry is queryable; documentation and RTM are updated.
S-0080,F-0040,Story,Phase 1 Launch,Content and SEO readiness,"Complete redirects, sitemap and structured data",Technical SEO launch artifacts validate cleanly.,P0,M4,ST-0079,8,40,Launch,Medium,Planned,See RTM/Owner Document,Technical SEO launch artifacts validate cleanly.
T-0159,S-0080,Task,Phase 1 Launch,Content and SEO readiness,"Implement service, data and security controls for: Complete redirects, sitemap and structured data",Create the server-side/domain foundation required by story S-0080.,P0,M4,S-0080,3,16,Launch,Medium,Planned,See story and RTM,Code/design reviewed; contracts validated; error and authorization paths covered.
T-0160,S-0080,Task,Phase 1 Launch,Content and SEO readiness,"Integrate end-to-end workflow for: Complete redirects, sitemap and structured data",Complete the integrated workflow and user/operator experience for story S-0080.,P0,M4,T-0159,3,16,Launch,Medium,Planned,See story and component/API specs,Happy path and documented recovery paths work in the target environment.
ST-0080,T-0160,Subtask,Phase 1 Launch,Content and SEO readiness,"Add automated tests, observability and runbook for: Complete redirects, sitemap and structured data",Provide verification and operational evidence for story S-0080.,P0,M4,T-0160,2,8,Launch,Medium,Planned,Testing Strategy; Observability; RTM,Required test suites pass; telemetry is queryable; documentation and RTM are updated.
F-0041,E-0014,Feature,Phase 1 Launch,Quality and UAT,Quality and UAT,Provide the Quality and UAT capability within Phase 1 Launch.,P0,M4,ST-0080,21,104,Launch,Medium,Planned,See Owner Document Registry,Both child stories meet acceptance criteria and integration risks are resolved.
S-0081,F-0041,Story,Phase 1 Launch,Quality and UAT,Execute end-to-end UAT,All Must journeys pass across supported devices and roles.,P0,M4,F-0041,8,40,Launch,Medium,Planned,See RTM/Owner Document,All Must journeys pass across supported devices and roles.
T-0161,S-0081,Task,Phase 1 Launch,Quality and UAT,"Implement service, data and security controls for: Execute end-to-end UAT",Create the server-side/domain foundation required by story S-0081.,P0,M4,S-0081,3,16,Launch,Medium,Planned,See story and RTM,Code/design reviewed; contracts validated; error and authorization paths covered.
T-0162,S-0081,Task,Phase 1 Launch,Quality and UAT,Integrate end-to-end workflow for: Execute end-to-end UAT,Complete the integrated workflow and user/operator experience for story S-0081.,P0,M4,T-0161,3,16,Launch,Medium,Planned,See story and component/API specs,Happy path and documented recovery paths work in the target environment.
ST-0081,T-0162,Subtask,Phase 1 Launch,Quality and UAT,"Add automated tests, observability and runbook for: Execute end-to-end UAT",Provide verification and operational evidence for story S-0081.,P0,M4,T-0162,2,8,Launch,Medium,Planned,Testing Strategy; Observability; RTM,Required test suites pass; telemetry is queryable; documentation and RTM are updated.
S-0082,F-0041,Story,Phase 1 Launch,Quality and UAT,"Execute security, accessibility and performance release gates",No blocking finding remains unowned.,P0,M4,ST-0081,13,64,Launch,High,Planned,See RTM/Owner Document,No blocking finding remains unowned.
T-0163,S-0082,Task,Phase 1 Launch,Quality and UAT,"Implement service, data and security controls for: Execute security, accessibility and performance release gates",Create the server-side/domain foundation required by story S-0082.,P0,M4,S-0082,5,24,Launch,High,Planned,See story and RTM,Code/design reviewed; contracts validated; error and authorization paths covered.
T-0164,S-0082,Task,Phase 1 Launch,Quality and UAT,"Integrate end-to-end workflow for: Execute security, accessibility and performance release gates",Complete the integrated workflow and user/operator experience for story S-0082.,P0,M4,T-0163,5,24,Launch,High,Planned,See story and component/API specs,Happy path and documented recovery paths work in the target environment.
ST-0082,T-0164,Subtask,Phase 1 Launch,Quality and UAT,"Add automated tests, observability and runbook for: Execute security, accessibility and performance release gates",Provide verification and operational evidence for story S-0082.,P0,M4,T-0164,3,16,Launch,Medium,Planned,Testing Strategy; Observability; RTM,Required test suites pass; telemetry is queryable; documentation and RTM are updated.
F-0042,E-0014,Feature,Phase 1 Launch,Release and stabilization,Release and stabilization,Provide the Release and stabilization capability within Phase 1 Launch.,P0,M4,ST-0082,16,80,Launch,High,Planned,See Owner Document Registry,Both child stories meet acceptance criteria and integration risks are resolved.
S-0083,F-0042,Story,Phase 1 Launch,Release and stabilization,Execute production launch and rollback rehearsal,"Deployment, DNS, monitoring and rollback are verified.",P0,M4,F-0042,8,40,Launch,Medium,Planned,See RTM/Owner Document,"Deployment, DNS, monitoring and rollback are verified."
T-0165,S-0083,Task,Phase 1 Launch,Release and stabilization,"Implement service, data and security controls for: Execute production launch and rollback rehearsal",Create the server-side/domain foundation required by story S-0083.,P0,M4,S-0083,3,16,Launch,Medium,Planned,See story and RTM,Code/design reviewed; contracts validated; error and authorization paths covered.
T-0166,S-0083,Task,Phase 1 Launch,Release and stabilization,Integrate end-to-end workflow for: Execute production launch and rollback rehearsal,Complete the integrated workflow and user/operator experience for story S-0083.,P0,M4,T-0165,3,16,Launch,Medium,Planned,See story and component/API specs,Happy path and documented recovery paths work in the target environment.
ST-0083,T-0166,Subtask,Phase 1 Launch,Release and stabilization,"Add automated tests, observability and runbook for: Execute production launch and rollback rehearsal",Provide verification and operational evidence for story S-0083.,P0,M4,T-0166,2,8,Launch,Medium,Planned,Testing Strategy; Observability; RTM,Required test suites pass; telemetry is queryable; documentation and RTM are updated.
S-0084,F-0042,Story,Phase 1 Launch,Release and stabilization,Operate launch support window,"Incidents, feedback and metrics drive controlled fixes.",P0,M4,ST-0083,8,40,Launch,Medium,Planned,See RTM/Owner Document,"Incidents, feedback and metrics drive controlled fixes."
T-0167,S-0084,Task,Phase 1 Launch,Release and stabilization,"Implement service, data and security controls for: Operate launch support window",Create the server-side/domain foundation required by story S-0084.,P0,M4,S-0084,3,16,Launch,Medium,Planned,See story and RTM,Code/design reviewed; contracts validated; error and authorization paths covered.
T-0168,S-0084,Task,Phase 1 Launch,Release and stabilization,Integrate end-to-end workflow for: Operate launch support window,Complete the integrated workflow and user/operator experience for story S-0084.,P0,M4,T-0167,3,16,Launch,Medium,Planned,See story and component/API specs,Happy path and documented recovery paths work in the target environment.
ST-0084,T-0168,Subtask,Phase 1 Launch,Release and stabilization,"Add automated tests, observability and runbook for: Operate launch support window",Provide verification and operational evidence for story S-0084.,P0,M4,T-0168,2,8,Launch,Medium,Planned,Testing Strategy; Observability; RTM,Required test suites pass; telemetry is queryable; documentation and RTM are updated.
E-0015,,Epic,STL Quote Automation — Phase 2,,STL Quote Automation — Phase 2,Deliver the STL Quote Automation — Phase 2 outcome and satisfy its quality gates.,P2,M5,E-0014,63,312,STL F2,Medium,Planned,README.md,All child features accepted; blocking risks closed; RTM and release evidence updated.
F-0043,E-0015,Feature,STL Quote Automation — Phase 2,Geometry analysis,Geometry analysis,Provide the Geometry analysis capability within STL Quote Automation — Phase 2.,P2,M5,E-0015,21,104,STL F2,Medium,Planned,See Owner Document Registry,Both child stories meet acceptance criteria and integration risks are resolved.
S-0085,F-0043,Story,STL Quote Automation — Phase 2,Geometry analysis,Build sandboxed STL analysis pipeline,Geometry metrics and warnings are reproducible and resource-limited.,P2,M5,F-0043,13,64,STL F2,High,Planned,See RTM/Owner Document,Geometry metrics and warnings are reproducible and resource-limited.
T-0169,S-0085,Task,STL Quote Automation — Phase 2,Geometry analysis,Implement secure orchestration/backend for: Build sandboxed STL analysis pipeline,Create the server-side/domain foundation required by story S-0085.,P2,M5,S-0085,5,24,STL F2,High,Planned,See story and RTM,Code/design reviewed; contracts validated; error and authorization paths covered.
T-0170,S-0085,Task,STL Quote Automation — Phase 2,Geometry analysis,Implement operator/customer workflow for: Build sandboxed STL analysis pipeline,Complete the integrated workflow and user/operator experience for story S-0085.,P2,M5,T-0169,5,24,STL F2,High,Planned,See story and component/API specs,Happy path and documented recovery paths work in the target environment.
ST-0085,T-0170,Subtask,STL Quote Automation — Phase 2,Geometry analysis,"Add evals, telemetry and failure tests for: Build sandboxed STL analysis pipeline",Provide verification and operational evidence for story S-0085.,P2,M5,T-0170,3,16,STL F2,Medium,Planned,Testing Strategy; Observability; RTM,Required test suites pass; telemetry is queryable; documentation and RTM are updated.
S-0086,F-0043,Story,STL Quote Automation — Phase 2,Geometry analysis,Build analysis review experience,"Operators see confidence, warnings and original evidence.",P2,M5,ST-0085,8,40,STL F2,Medium,Planned,See RTM/Owner Document,"Operators see confidence, warnings and original evidence."
T-0171,S-0086,Task,STL Quote Automation — Phase 2,Geometry analysis,Implement secure orchestration/backend for: Build analysis review experience,Create the server-side/domain foundation required by story S-0086.,P2,M5,S-0086,3,16,STL F2,Medium,Planned,See story and RTM,Code/design reviewed; contracts validated; error and authorization paths covered.
T-0172,S-0086,Task,STL Quote Automation — Phase 2,Geometry analysis,Implement operator/customer workflow for: Build analysis review experience,Complete the integrated workflow and user/operator experience for story S-0086.,P2,M5,T-0171,3,16,STL F2,Medium,Planned,See story and component/API specs,Happy path and documented recovery paths work in the target environment.
ST-0086,T-0172,Subtask,STL Quote Automation — Phase 2,Geometry analysis,"Add evals, telemetry and failure tests for: Build analysis review experience",Provide verification and operational evidence for story S-0086.,P2,M5,T-0172,2,8,STL F2,Medium,Planned,Testing Strategy; Observability; RTM,Required test suites pass; telemetry is queryable; documentation and RTM are updated.
F-0044,E-0015,Feature,STL Quote Automation — Phase 2,Slicing and pricing,Slicing and pricing,Provide the Slicing and pricing capability within STL Quote Automation — Phase 2.,P2,M5,ST-0086,26,128,STL F2,Medium,Planned,See Owner Document Registry,Both child stories meet acceptance criteria and integration risks are resolved.
S-0087,F-0044,Story,STL Quote Automation — Phase 2,Slicing and pricing,Integrate versioned slicer jobs on PC Server Compute Worker,"Execute slicer/G-code jobs through lease, signed storage and provenance.",P2,M5,F-0044,13,64,STL F2,High,Planned,02_Architecture/08_Backend_Service_Design.md; ADR-0013,"Execute slicer/G-code jobs through lease, signed storage and provenance."
T-0173,S-0087,Task,STL Quote Automation — Phase 2,Slicing and pricing,Complete PC Compute Worker hardening before slicer activation,"Define OS/service isolation, machine identity, outbound-only connectivity, secrets, sandbox, updates, disk/UPS/backup and remote maintenance.",P2,M5,S-0087,5,24,STL F2,High,Planned,ADR-0013; 02_Architecture/08_Backend_Service_Design.md; 10_Security_Performance/03_Upload_Security.md,Threat model and hardening checklist approved; no public inbound port; revocation and recovery tested.
T-0174,S-0087,Task,STL Quote Automation — Phase 2,Slicing and pricing,Integrate versioned slicer jobs after hardening gate,"Implement authenticated pull, lease, idempotency, retry, timeout, heartbeat and artifact transfer.",P2,M5,T-0173,5,24,STL F2,High,Planned,See story and component/API specs,Worker processes signed test jobs; duplicate/retry/offline behavior is deterministic and audited.
ST-0087,T-0174,Subtask,STL Quote Automation — Phase 2,Slicing and pricing,"Verify worker security, resilience and traceability","Run sandbox, credential revocation, crash, offline, quota and corrupted-input tests.",P2,M5,T-0174,3,16,STL F2,Medium,Planned,Testing Strategy; Observability; RTM,All blocking hardening controls pass before any Phase 2 production job.
S-0088,F-0044,Story,STL Quote Automation — Phase 2,Slicing and pricing,Implement transparent pricing engine,"Cost components, ranges and assumptions are explainable.",P2,M5,ST-0087,13,64,STL F2,High,Planned,See RTM/Owner Document,"Cost components, ranges and assumptions are explainable."
T-0175,S-0088,Task,STL Quote Automation — Phase 2,Slicing and pricing,Implement secure orchestration/backend for: Implement transparent pricing engine,Create the server-side/domain foundation required by story S-0088.,P2,M5,S-0088,5,24,STL F2,High,Planned,See story and RTM,Code/design reviewed; contracts validated; error and authorization paths covered.
T-0176,S-0088,Task,STL Quote Automation — Phase 2,Slicing and pricing,Implement operator/customer workflow for: Implement transparent pricing engine,Complete the integrated workflow and user/operator experience for story S-0088.,P2,M5,T-0175,5,24,STL F2,High,Planned,See story and component/API specs,Happy path and documented recovery paths work in the target environment.
ST-0088,T-0176,Subtask,STL Quote Automation — Phase 2,Slicing and pricing,"Add evals, telemetry and failure tests for: Implement transparent pricing engine",Provide verification and operational evidence for story S-0088.,P2,M5,T-0176,3,16,STL F2,Medium,Planned,Testing Strategy; Observability; RTM,Required test suites pass; telemetry is queryable; documentation and RTM are updated.
F-0045,E-0015,Feature,STL Quote Automation — Phase 2,Human review and handoff,Human review and handoff,Provide the Human review and handoff capability within STL Quote Automation — Phase 2.,P2,M5,ST-0088,16,80,STL F2,Medium,Planned,See Owner Document Registry,Both child stories meet acceptance criteria and integration risks are resolved.
S-0089,F-0045,Story,STL Quote Automation — Phase 2,Human review and handoff,Build Andrea review console,"Automatic evidence supports approve, adjust, ask or reject.",P2,M5,F-0045,8,40,STL F2,Medium,Planned,See RTM/Owner Document,"Automatic evidence supports approve, adjust, ask or reject."
T-0177,S-0089,Task,STL Quote Automation — Phase 2,Human review and handoff,Implement secure orchestration/backend for: Build Andrea review console,Create the server-side/domain foundation required by story S-0089.,P2,M5,S-0089,3,16,STL F2,Medium,Planned,See story and RTM,Code/design reviewed; contracts validated; error and authorization paths covered.
T-0178,S-0089,Task,STL Quote Automation — Phase 2,Human review and handoff,Implement operator/customer workflow for: Build Andrea review console,Complete the integrated workflow and user/operator experience for story S-0089.,P2,M5,T-0177,3,16,STL F2,Medium,Planned,See story and component/API specs,Happy path and documented recovery paths work in the target environment.
ST-0089,T-0178,Subtask,STL Quote Automation — Phase 2,Human review and handoff,"Add evals, telemetry and failure tests for: Build Andrea review console",Provide verification and operational evidence for story S-0089.,P2,M5,T-0178,2,8,STL F2,Medium,Planned,Testing Strategy; Observability; RTM,Required test suites pass; telemetry is queryable; documentation and RTM are updated.
S-0090,F-0045,Story,STL Quote Automation — Phase 2,Human review and handoff,Create accepted quote production handoff,Accepted snapshots create idempotent orders/projects.,P2,M5,ST-0089,8,40,STL F2,Medium,Planned,See RTM/Owner Document,Accepted snapshots create idempotent orders/projects.
T-0179,S-0090,Task,STL Quote Automation — Phase 2,Human review and handoff,Implement secure orchestration/backend for: Create accepted quote production handoff,Create the server-side/domain foundation required by story S-0090.,P2,M5,S-0090,3,16,STL F2,Medium,Planned,See story and RTM,Code/design reviewed; contracts validated; error and authorization paths covered.
T-0180,S-0090,Task,STL Quote Automation — Phase 2,Human review and handoff,Implement operator/customer workflow for: Create accepted quote production handoff,Complete the integrated workflow and user/operator experience for story S-0090.,P2,M5,T-0179,3,16,STL F2,Medium,Planned,See story and component/API specs,Happy path and documented recovery paths work in the target environment.
ST-0090,T-0180,Subtask,STL Quote Automation — Phase 2,Human review and handoff,"Add evals, telemetry and failure tests for: Create accepted quote production handoff",Provide verification and operational evidence for story S-0090.,P2,M5,T-0180,2,8,STL F2,Medium,Planned,Testing Strategy; Observability; RTM,Required test suites pass; telemetry is queryable; documentation and RTM are updated.
E-0016,,Epic,PrintFlow & Future Integrations,,PrintFlow & Future Integrations,Deliver the PrintFlow & Future Integrations outcome and satisfy its quality gates.,P2,M6,E-0015,50,248,Future,Medium,Planned,README.md,All child features accepted; blocking risks closed; RTM and release evidence updated.
F-0046,E-0016,Feature,PrintFlow & Future Integrations,PrintFlow Coming Soon,PrintFlow Coming Soon,Provide the PrintFlow Coming Soon capability within PrintFlow & Future Integrations.,P2,M6,E-0016,13,64,Future,Medium,Planned,See Owner Document Registry,Both child stories meet acceptance criteria and integration risks are resolved.
S-0091,F-0046,Story,PrintFlow & Future Integrations,PrintFlow Coming Soon,Publish truthful Coming Soon page,"Status, concepts, roadmap and waitlist are clear.",P2,M6,F-0046,5,24,Future,Medium,Planned,See RTM/Owner Document,"Status, concepts, roadmap and waitlist are clear."
T-0181,S-0091,Task,PrintFlow & Future Integrations,PrintFlow Coming Soon,"Implement service, data and security controls for: Publish truthful Coming Soon page",Create the server-side/domain foundation required by story S-0091.,P2,M6,S-0091,2,8,Future,Medium,Planned,See story and RTM,Code/design reviewed; contracts validated; error and authorization paths covered.
T-0182,S-0091,Task,PrintFlow & Future Integrations,PrintFlow Coming Soon,Integrate end-to-end workflow for: Publish truthful Coming Soon page,Complete the integrated workflow and user/operator experience for story S-0091.,P2,M6,T-0181,2,8,Future,Medium,Planned,See story and component/API specs,Happy path and documented recovery paths work in the target environment.
ST-0091,T-0182,Subtask,PrintFlow & Future Integrations,PrintFlow Coming Soon,"Add automated tests, observability and runbook for: Publish truthful Coming Soon page",Provide verification and operational evidence for story S-0091.,P2,M6,T-0182,1,8,Future,Medium,Planned,Testing Strategy; Observability; RTM,Required test suites pass; telemetry is queryable; documentation and RTM are updated.
S-0092,F-0046,Story,PrintFlow & Future Integrations,PrintFlow Coming Soon,Gate release downloads,No download appears without a real approved release.,P2,M6,ST-0091,8,40,Future,Medium,Planned,See RTM/Owner Document,No download appears without a real approved release.
T-0183,S-0092,Task,PrintFlow & Future Integrations,PrintFlow Coming Soon,"Implement service, data and security controls for: Gate release downloads",Create the server-side/domain foundation required by story S-0092.,P2,M6,S-0092,3,16,Future,Medium,Planned,See story and RTM,Code/design reviewed; contracts validated; error and authorization paths covered.
T-0184,S-0092,Task,PrintFlow & Future Integrations,PrintFlow Coming Soon,Integrate end-to-end workflow for: Gate release downloads,Complete the integrated workflow and user/operator experience for story S-0092.,P2,M6,T-0183,3,16,Future,Medium,Planned,See story and component/API specs,Happy path and documented recovery paths work in the target environment.
ST-0092,T-0184,Subtask,PrintFlow & Future Integrations,PrintFlow Coming Soon,"Add automated tests, observability and runbook for: Gate release downloads",Provide verification and operational evidence for story S-0092.,P2,M6,T-0184,2,8,Future,Medium,Planned,Testing Strategy; Observability; RTM,Required test suites pass; telemetry is queryable; documentation and RTM are updated.
F-0047,E-0016,Feature,PrintFlow & Future Integrations,Integration discovery,Integration discovery,Provide the Integration discovery capability within PrintFlow & Future Integrations.,P2,M6,ST-0092,21,104,Future,Medium,Planned,See Owner Document Registry,Both child stories meet acceptance criteria and integration risks are resolved.
S-0093,F-0047,Story,PrintFlow & Future Integrations,Integration discovery,Define future PrintFlow contract adapter,Unknown APIs remain isolated from Phase 1 domains.,P2,M6,F-0047,8,40,Future,Medium,Planned,See RTM/Owner Document,Unknown APIs remain isolated from Phase 1 domains.
T-0185,S-0093,Task,PrintFlow & Future Integrations,Integration discovery,"Implement service, data and security controls for: Define future PrintFlow contract adapter",Create the server-side/domain foundation required by story S-0093.,P2,M6,S-0093,3,16,Future,Medium,Planned,See story and RTM,Code/design reviewed; contracts validated; error and authorization paths covered.
T-0186,S-0093,Task,PrintFlow & Future Integrations,Integration discovery,Integrate end-to-end workflow for: Define future PrintFlow contract adapter,Complete the integrated workflow and user/operator experience for story S-0093.,P2,M6,T-0185,3,16,Future,Medium,Planned,See story and component/API specs,Happy path and documented recovery paths work in the target environment.
ST-0093,T-0186,Subtask,PrintFlow & Future Integrations,Integration discovery,"Add automated tests, observability and runbook for: Define future PrintFlow contract adapter",Provide verification and operational evidence for story S-0093.,P2,M6,T-0186,2,8,Future,Medium,Planned,Testing Strategy; Observability; RTM,Required test suites pass; telemetry is queryable; documentation and RTM are updated.
S-0094,F-0047,Story,PrintFlow & Future Integrations,Integration discovery,Run security and data discovery,"Auth, permissions, data and failure modes are documented before build.",P2,M6,ST-0093,13,64,Future,High,Planned,See RTM/Owner Document,"Auth, permissions, data and failure modes are documented before build."
T-0187,S-0094,Task,PrintFlow & Future Integrations,Integration discovery,"Implement service, data and security controls for: Run security and data discovery",Create the server-side/domain foundation required by story S-0094.,P2,M6,S-0094,5,24,Future,High,Planned,See story and RTM,Code/design reviewed; contracts validated; error and authorization paths covered.
T-0188,S-0094,Task,PrintFlow & Future Integrations,Integration discovery,Integrate end-to-end workflow for: Run security and data discovery,Complete the integrated workflow and user/operator experience for story S-0094.,P2,M6,T-0187,5,24,Future,High,Planned,See story and component/API specs,Happy path and documented recovery paths work in the target environment.
ST-0094,T-0188,Subtask,PrintFlow & Future Integrations,Integration discovery,"Add automated tests, observability and runbook for: Run security and data discovery",Provide verification and operational evidence for story S-0094.,P2,M6,T-0188,3,16,Future,Medium,Planned,Testing Strategy; Observability; RTM,Required test suites pass; telemetry is queryable; documentation and RTM are updated.
F-0048,E-0016,Feature,PrintFlow & Future Integrations,Future platform readiness,Future platform readiness,Provide the Future platform readiness capability within PrintFlow & Future Integrations.,P2,M6,ST-0094,16,80,Future,Medium,Planned,See Owner Document Registry,Both child stories meet acceptance criteria and integration risks are resolved.
S-0095,F-0048,Story,PrintFlow & Future Integrations,Future platform readiness,Implement advanced payment providers and fulfillment automation,"Evaluate Stripe/cards/wallets, shipping/fiscal integrations after controlled Phase 1 checkout is stable.",P2,M6,F-0048,8,40,Future,Medium,Planned,ADR-0022; 05_Features/15_Checkout_and_Payments_Future.md,Provider decision uses real volume/cost/compliance data and does not alter Phase 1 policy without ADR.
T-0189,S-0095,Task,PrintFlow & Future Integrations,Future platform readiness,"Evaluate advanced payment, wallet and fulfillment providers","Compare tokenization, fees, compliance, webhooks, refunds and integration cost.",P2,M6,S-0095,3,16,Future,Medium,Planned,See story and RTM,Implement architecture and controls for: Implement approved direct-commerce payment and checkout details completed with evidence linked to the story.
T-0190,S-0095,Task,PrintFlow & Future Integrations,Future platform readiness,Integrate approved advanced provider behind payment adapter,Implement only after provider ADR/approval and contract tests.,P2,M6,T-0189,3,16,Future,Medium,Planned,See story and component/API specs,Integrate end-to-end workflow for: Implement approved direct-commerce payment and checkout details completed with evidence linked to the story.
ST-0095,T-0190,Subtask,PrintFlow & Future Integrations,Future platform readiness,"Verify accessibility, performance, observability and traceability for: Implement approved direct-commerce payment and checkout details","Verify accessibility, performance, observability and traceability for: Implement approved direct-commerce payment and checkout details",P2,M6,T-0190,2,8,Future,Medium,Planned,Testing Strategy; Observability; RTM,"Verify accessibility, performance, observability and traceability for: Implement approved direct-commerce payment and checkout details completed with evidence linked to the story."
S-0096,F-0048,Story,PrintFlow & Future Integrations,Future platform readiness,Evaluate external marketplace/API opportunities,"New channels require licensing, moderation and economic validation.",P2,M6,ST-0095,8,40,Future,Medium,Planned,See RTM/Owner Document,"New channels require licensing, moderation and economic validation."
T-0191,S-0096,Task,PrintFlow & Future Integrations,Future platform readiness,"Implement service, data and security controls for: Evaluate external marketplace/API opportunities",Create the server-side/domain foundation required by story S-0096.,P2,M6,S-0096,3,16,Future,Medium,Planned,See story and RTM,Code/design reviewed; contracts validated; error and authorization paths covered.
T-0192,S-0096,Task,PrintFlow & Future Integrations,Future platform readiness,Integrate end-to-end workflow for: Evaluate external marketplace/API opportunities,Complete the integrated workflow and user/operator experience for story S-0096.,P2,M6,T-0191,3,16,Future,Medium,Planned,See story and component/API specs,Happy path and documented recovery paths work in the target environment.
ST-0096,T-0192,Subtask,PrintFlow & Future Integrations,Future platform readiness,"Add automated tests, observability and runbook for: Evaluate external marketplace/API opportunities",Provide verification and operational evidence for story S-0096.,P2,M6,T-0192,2,8,Future,Medium,Planned,Testing Strategy; Observability; RTM,Required test suites pass; telemetry is queryable; documentation and RTM are updated.
S-0097,F-0003,Story,Documentation Governance & Frozen Baseline,Decision and change control,Complete React/Vite versus Next.js review gate,Produce and approve the formal rendering/SEO/platform comparison required by ADR-0018.,P0,M0,ST-0006,8,40,Architecture,High,Planned,ADR-0018; 02_Architecture/07_Frontend_Architecture.md; 09_SEO_Content/05_Technical_SEO.md,Evidence covers all mandated dimensions; final decision is recorded in an ADR before Frozen Baseline.
T-0193,S-0097,Task,Documentation Governance & Frozen Baseline,Decision and change control,Build comparable React/Vite and Next.js architecture prototypes,"Evaluate public rendering routes, catalog, 3D lazy loading and protected Command Center.",P0,M0,S-0097,3,16,Architecture,High,Planned,ADR-0018,Reproducible prototypes and measurement dataset are attached to the decision.
T-0194,S-0097,Task,Documentation Governance & Frozen Baseline,Decision and change control,Approve final frontend architecture ADR and update baseline,"Select/confirm stack and update affected documents, RTM and roadmap.",P0,M0,T-0193,3,16,CTO,High,Planned,000_GOVERNANCE/004_ADR_POLICY.md,Project Owner approval recorded; no contradictory stack claims remain.
ST-0097,T-0194,Subtask,Documentation Governance & Frozen Baseline,Decision and change control,Verify review gate traceability and baseline readiness,Run semantic guards and update audit/debt/open questions.,P0,M0,T-0194,2,8,Quality,Medium,Planned,13_Appendices/04_Documentation_Audit_v0.95.md,Stack blocker closes only after audit evidence is complete.
F-0049,E-0005,Feature,Catalog & Product Discovery,Phase 1 controlled commerce,Phase 1 controlled commerce,"Deliver cart, order creation and payment selection governed by commercial mode.",P0,M3,ST-0030,34,168,Commerce,High,Planned,ADR-0021; ADR-0022; 05_Features/15_Checkout_and_Payments_Future.md,"Both child stories meet security, business and recovery criteria; no personalized workflow bypasses admin approval."
S-0098,F-0049,Story,Catalog & Product Discovery,Phase 1 controlled commerce,Implement cart and order creation by commercial mode,"Support standard, configurable, on-order and quote-only item behavior with server revalidation.",P0,M3,F-0049,13,64,Commerce,High,Planned,05_Features/01_Catalog_and_Products.md; 05_Features/15_Checkout_and_Payments_Future.md,Cart/order snapshots and admin-confirmation states pass domain and RLS tests.
T-0195,S-0098,Task,Catalog & Product Discovery,Phase 1 controlled commerce,"Implement cart/order domain, data, RLS and Edge Function contracts","Create policies, snapshots, idempotent commands and error paths.",P0,M3,S-0098,5,24,Commerce,High,Planned,08_Data_API/01_Database_Design.md,Unauthorized cross-customer access denied; duplicate submit does not duplicate order.
T-0196,S-0098,Task,Catalog & Product Discovery,Phase 1 controlled commerce,"Implement cart, checkout and admin-confirmation UX","Build accessible cart/stepper, validation messages and pending confirmation state.",P0,M3,T-0195,5,24,Frontend,Medium,Planned,03_Design/04_Component_Library.md,All commercial modes lead to correct action and recovery on mobile/desktop.
ST-0098,T-0196,Subtask,Catalog & Product Discovery,Phase 1 controlled commerce,"Test cart/order accessibility, policy and analytics","Cover domain matrix, RLS, idempotency, reduced motion and funnel events.",P0,M3,T-0196,3,16,Quality,Medium,Planned,11_Engineering_Operations/02_Testing_Strategy.md,Automated matrix covers six commercial states and failure recovery.
S-0099,F-0049,Story,Catalog & Product Discovery,Phase 1 controlled commerce,Implement controlled Phase 1 payment methods,"Configure bonifico, PayPal, fiera cash/POS and local delivery according to product/order policy.",P0,M3,ST-0098,13,64,Commerce,High,Planned,ADR-0022; 05_Features/15_Checkout_and_Payments_Future.md,Payment method availability is server-derived; reconciliation and manual confirmation are auditable.
T-0197,S-0099,Task,Catalog & Product Discovery,Phase 1 controlled commerce,"Implement payment policy, intents and reconciliation",Separate order and payment states; support manual/PayPal adapters and audit.,P0,M3,S-0099,5,24,Backend,High,Planned,08_Data_API/01_Database_Design.md; 08_Data_API/04_API_Contract.md,No payment is accepted for unapproved personalized work; retries are idempotent.
T-0198,S-0099,Task,Catalog & Product Discovery,Phase 1 controlled commerce,"Implement payment selection, instructions and status UX","Show allowed methods, manual instructions, pending/paid/failure and recovery.",P0,M3,T-0197,5,24,Frontend,Medium,Planned,04_Experience/02_Global_User_Flows.md,"User understands method, next step and non-final states; accessibility passes."
ST-0099,T-0198,Subtask,Catalog & Product Discovery,Phase 1 controlled commerce,"Verify payment security, reconciliation and operator workflow","Test policy matrix, webhook/manual confirmation, failures and audit.",P0,M3,T-0198,3,16,Quality,High,Planned,10_Security_Performance/02_Application_API_Security.md,Security and business-rule tests pass; operator can reconcile without database access.
S-0100,F-0007,Story,Design System & Frontend Foundation,Tokens and component primitives,Approve Brand Asset Gate and production identity,"Complete N+3 directions, palette, typography, licensing and reproduction tests.",P0,M0,F-0007,8,40,Brand,High,Planned,03_Design/01_Brand_Book.md; ADR-0025,"Complete N+3 directions, palette, typography, licensing and reproduction tests. Acceptance evidence is linked and approved."
T-0199,S-0100,Task,Design System & Frontend Foundation,Tokens and component primitives,Define and prepare: Approve Brand Asset Gate and production identity,"Complete content, design, data and control prerequisites for S-0100.",P0,M0,S-0100,3,16,Brand,High,Planned,03_Design/01_Brand_Book.md; ADR-0025,"Owner documents, assets and review checklist are complete and traceable."
T-0200,S-0100,Task,Design System & Frontend Foundation,Tokens and component primitives,Implement and integrate: Approve Brand Asset Gate and production identity,Implement the end-to-end experience and documented fallbacks for S-0100.,P0,M0,T-0199,3,16,Brand,High,Planned,03_Design/01_Brand_Book.md; ADR-0025,"Happy path, fallback, accessibility, truth and analytics controls pass."
ST-0100,T-0200,Subtask,Design System & Frontend Foundation,Tokens and component primitives,Verify and evidence: Approve Brand Asset Gate and production identity,"Run tests, capture evidence and update RTM/audit for S-0100.",P0,M0,T-0200,2,8,Quality,High,Planned,11_Engineering_Operations/02_Testing_Strategy.md; 12_Planning/05_Traceability_Matrix.md,Automated/manual evidence is linked; no unresolved blocking defect remains.
S-0101,F-0010,Story,Public Web & Content,Homepage and global navigation,Implement intent-led Homepage and six customer paths,"Build semantic, responsive Home with proof, process and conversational CTA.",P0,M2,ST-0100,8,40,Frontend/UX,High,Planned,04_Experience/03_Homepage_Wireframes.md; ADR-0025,"Build semantic, responsive Home with proof, process and conversational CTA. Acceptance evidence is linked and approved."
T-0201,S-0101,Task,Public Web & Content,Homepage and global navigation,Define and prepare: Implement intent-led Homepage and six customer paths,"Complete content, design, data and control prerequisites for S-0101.",P0,M2,S-0101,3,16,Frontend/UX,High,Planned,04_Experience/03_Homepage_Wireframes.md; ADR-0025,"Owner documents, assets and review checklist are complete and traceable."
T-0202,S-0101,Task,Public Web & Content,Homepage and global navigation,Implement and integrate: Implement intent-led Homepage and six customer paths,Implement the end-to-end experience and documented fallbacks for S-0101.,P0,M2,T-0201,3,16,Frontend/UX,High,Planned,04_Experience/03_Homepage_Wireframes.md; ADR-0025,"Happy path, fallback, accessibility, truth and analytics controls pass."
ST-0101,T-0202,Subtask,Public Web & Content,Homepage and global navigation,Verify and evidence: Implement intent-led Homepage and six customer paths,"Run tests, capture evidence and update RTM/audit for S-0101.",P0,M2,T-0202,2,8,Quality,High,Planned,11_Engineering_Operations/02_Testing_Strategy.md; 12_Planning/05_Traceability_Matrix.md,Automated/manual evidence is linked; no unresolved blocking defect remains.
S-0102,F-0011,Story,Public Web & Content,Services and portfolio,Implement founder-led trust and About experience,"Publish authentic Andrea profile, quality method, private-lab wording and direct contact.",P0,M2,ST-0101,8,40,Content/UX,High,Planned,03_Design/01_Brand_Book.md; 01_Product/02_Personas_Journeys.md,"Publish authentic Andrea profile, quality method, private-lab wording and direct contact. Acceptance evidence is linked and approved."
T-0203,S-0102,Task,Public Web & Content,Services and portfolio,Define and prepare: Implement founder-led trust and About experience,"Complete content, design, data and control prerequisites for S-0102.",P0,M2,S-0102,3,16,Content/UX,High,Planned,03_Design/01_Brand_Book.md; 01_Product/02_Personas_Journeys.md,"Owner documents, assets and review checklist are complete and traceable."
T-0204,S-0102,Task,Public Web & Content,Services and portfolio,Implement and integrate: Implement founder-led trust and About experience,Implement the end-to-end experience and documented fallbacks for S-0102.,P0,M2,T-0203,3,16,Content/UX,High,Planned,03_Design/01_Brand_Book.md; 01_Product/02_Personas_Journeys.md,"Happy path, fallback, accessibility, truth and analytics controls pass."
ST-0102,T-0204,Subtask,Public Web & Content,Services and portfolio,Verify and evidence: Implement founder-led trust and About experience,"Run tests, capture evidence and update RTM/audit for S-0102.",P0,M2,T-0204,2,8,Quality,High,Planned,11_Engineering_Operations/02_Testing_Strategy.md; 12_Planning/05_Traceability_Matrix.md,Automated/manual evidence is linked; no unresolved blocking defect remains.
S-0103,F-0032,Story,"NoLimits Command Center, Media & Operations UX",Media Library,Produce authentic media and evidence pipeline,"Capture, classify and govern founder, laboratory, product, fair and result media.",P0,M2,ST-0102,8,40,Brand/Media,High,Planned,03_Design/05_Image_Guidelines.md; 06_Admin/04_Media_Library.md,"Capture, classify and govern founder, laboratory, product, fair and result media. Acceptance evidence is linked and approved."
T-0205,S-0103,Task,"NoLimits Command Center, Media & Operations UX",Media Library,Define and prepare: Produce authentic media and evidence pipeline,"Complete content, design, data and control prerequisites for S-0103.",P0,M2,S-0103,3,16,Brand/Media,High,Planned,03_Design/05_Image_Guidelines.md; 06_Admin/04_Media_Library.md,"Owner documents, assets and review checklist are complete and traceable."
T-0206,S-0103,Task,"NoLimits Command Center, Media & Operations UX",Media Library,Implement and integrate: Produce authentic media and evidence pipeline,Implement the end-to-end experience and documented fallbacks for S-0103.,P0,M2,T-0205,3,16,Brand/Media,High,Planned,03_Design/05_Image_Guidelines.md; 06_Admin/04_Media_Library.md,"Happy path, fallback, accessibility, truth and analytics controls pass."
ST-0103,T-0206,Subtask,"NoLimits Command Center, Media & Operations UX",Media Library,Verify and evidence: Produce authentic media and evidence pipeline,"Run tests, capture evidence and update RTM/audit for S-0103.",P0,M2,T-0206,2,8,Quality,High,Planned,11_Engineering_Operations/02_Testing_Strategy.md; 12_Planning/05_Traceability_Matrix.md,Automated/manual evidence is linked; no unresolved blocking defect remains.
S-0104,F-0011,Story,Public Web & Content,Services and portfolio,"Build Realizzazioni, Ispirati and HueForge art journeys","Keep evidence, commerce and inspiration distinct while linking shared source entities.",P0,M2,ST-0103,8,40,Content/UX,Medium,Planned,04_Experience/01_Information_Architecture.md; 05_Features/11_Portfolio_Case_Studies.md,"Keep evidence, commerce and inspiration distinct while linking shared source entities. Acceptance evidence is linked and approved."
T-0207,S-0104,Task,Public Web & Content,Services and portfolio,"Define and prepare: Build Realizzazioni, Ispirati and HueForge art journeys","Complete content, design, data and control prerequisites for S-0104.",P0,M2,S-0104,3,16,Content/UX,Medium,Planned,04_Experience/01_Information_Architecture.md; 05_Features/11_Portfolio_Case_Studies.md,"Owner documents, assets and review checklist are complete and traceable."
T-0208,S-0104,Task,Public Web & Content,Services and portfolio,"Implement and integrate: Build Realizzazioni, Ispirati and HueForge art journeys",Implement the end-to-end experience and documented fallbacks for S-0104.,P0,M2,T-0207,3,16,Content/UX,Medium,Planned,04_Experience/01_Information_Architecture.md; 05_Features/11_Portfolio_Case_Studies.md,"Happy path, fallback, accessibility, truth and analytics controls pass."
ST-0104,T-0208,Subtask,Public Web & Content,Services and portfolio,"Verify and evidence: Build Realizzazioni, Ispirati and HueForge art journeys","Run tests, capture evidence and update RTM/audit for S-0104.",P0,M2,T-0208,2,8,Quality,Medium,Planned,11_Engineering_Operations/02_Testing_Strategy.md; 12_Planning/05_Traceability_Matrix.md,Automated/manual evidence is linked; no unresolved blocking defect remains.
S-0105,F-0040,Story,Phase 1 Launch,Content and SEO readiness,Implement Home semantic and Local SEO architecture,"Deliver crawlable intents, landing links, schema, local truth and content clusters.",P0,M2,ST-0104,8,40,SEO/Content,High,Planned,09_SEO_Content/01_SEO_Strategy.md; 09_SEO_Content/04_Local_SEO.md,"Deliver crawlable intents, landing links, schema, local truth and content clusters. Acceptance evidence is linked and approved."
T-0209,S-0105,Task,Phase 1 Launch,Content and SEO readiness,Define and prepare: Implement Home semantic and Local SEO architecture,"Complete content, design, data and control prerequisites for S-0105.",P0,M2,S-0105,3,16,SEO/Content,High,Planned,09_SEO_Content/01_SEO_Strategy.md; 09_SEO_Content/04_Local_SEO.md,"Owner documents, assets and review checklist are complete and traceable."
T-0210,S-0105,Task,Phase 1 Launch,Content and SEO readiness,Implement and integrate: Implement Home semantic and Local SEO architecture,Implement the end-to-end experience and documented fallbacks for S-0105.,P0,M2,T-0209,3,16,SEO/Content,High,Planned,09_SEO_Content/01_SEO_Strategy.md; 09_SEO_Content/04_Local_SEO.md,"Happy path, fallback, accessibility, truth and analytics controls pass."
ST-0105,T-0210,Subtask,Phase 1 Launch,Content and SEO readiness,Verify and evidence: Implement Home semantic and Local SEO architecture,"Run tests, capture evidence and update RTM/audit for S-0105.",P0,M2,T-0210,2,8,Quality,High,Planned,11_Engineering_Operations/02_Testing_Strategy.md; 12_Planning/05_Traceability_Matrix.md,Automated/manual evidence is linked; no unresolved blocking defect remains.
S-0106,F-0009,Story,Design System & Frontend Foundation,Accessibility and performance,"Validate Home accessibility, progressive enhancement and performance",Prove keyboard/screen-reader/no-JS/no-WebGL/reduced-motion and mobile CWV.,P0,M2,ST-0105,8,40,Quality/Frontend,High,Planned,04_Experience/11_Accessibility_Specification.md; 10_Security_Performance/05_Performance_Plan.md,Prove keyboard/screen-reader/no-JS/no-WebGL/reduced-motion and mobile CWV. Acceptance evidence is linked and approved.
T-0211,S-0106,Task,Design System & Frontend Foundation,Accessibility and performance,"Define and prepare: Validate Home accessibility, progressive enhancement and performance","Complete content, design, data and control prerequisites for S-0106.",P0,M2,S-0106,3,16,Quality/Frontend,High,Planned,04_Experience/11_Accessibility_Specification.md; 10_Security_Performance/05_Performance_Plan.md,"Owner documents, assets and review checklist are complete and traceable."
T-0212,S-0106,Task,Design System & Frontend Foundation,Accessibility and performance,"Implement and integrate: Validate Home accessibility, progressive enhancement and performance",Implement the end-to-end experience and documented fallbacks for S-0106.,P0,M2,T-0211,3,16,Quality/Frontend,High,Planned,04_Experience/11_Accessibility_Specification.md; 10_Security_Performance/05_Performance_Plan.md,"Happy path, fallback, accessibility, truth and analytics controls pass."
ST-0106,T-0212,Subtask,Design System & Frontend Foundation,Accessibility and performance,"Verify and evidence: Validate Home accessibility, progressive enhancement and performance","Run tests, capture evidence and update RTM/audit for S-0106.",P0,M2,T-0212,2,8,Quality,High,Planned,11_Engineering_Operations/02_Testing_Strategy.md; 12_Planning/05_Traceability_Matrix.md,Automated/manual evidence is linked; no unresolved blocking defect remains.
S-0107,F-0030,Story,Newsletter & CRM,Segmentation and measurement,Implement distinct CX funnel measurement,"Measure intents, evidence, process, contact and commercial funnels with consent controls.",P1,M3,ST-0106,8,40,Analytics/Product,Medium,Planned,09_SEO_Content/09_Analytics_Measurement_Plan.md,"Measure intents, evidence, process, contact and commercial funnels with consent controls. Acceptance evidence is linked and approved."
T-0213,S-0107,Task,Newsletter & CRM,Segmentation and measurement,Define and prepare: Implement distinct CX funnel measurement,"Complete content, design, data and control prerequisites for S-0107.",P1,M3,S-0107,3,16,Analytics/Product,Medium,Planned,09_SEO_Content/09_Analytics_Measurement_Plan.md,"Owner documents, assets and review checklist are complete and traceable."
T-0214,S-0107,Task,Newsletter & CRM,Segmentation and measurement,Implement and integrate: Implement distinct CX funnel measurement,Implement the end-to-end experience and documented fallbacks for S-0107.,P1,M3,T-0213,3,16,Analytics/Product,Medium,Planned,09_SEO_Content/09_Analytics_Measurement_Plan.md,"Happy path, fallback, accessibility, truth and analytics controls pass."
ST-0107,T-0214,Subtask,Newsletter & CRM,Segmentation and measurement,Verify and evidence: Implement distinct CX funnel measurement,"Run tests, capture evidence and update RTM/audit for S-0107.",P1,M3,T-0214,2,8,Quality,Medium,Planned,11_Engineering_Operations/02_Testing_Strategy.md; 12_Planning/05_Traceability_Matrix.md,Automated/manual evidence is linked; no unresolved blocking defect remains.
S-0108,F-0040,Story,Phase 1 Launch,Content and SEO readiness,Complete founder-led copy and authentic content inventory,"Produce reviewed copy, photographs, evidence and legal-safe quality wording.",P0,M2,ST-0107,8,40,Content/Brand,High,Planned,09_SEO_Content/02_Content_Strategy.md; 13_Appendices/03_Content_Inventory_Template.md,"Produce reviewed copy, photographs, evidence and legal-safe quality wording. Acceptance evidence is linked and approved."
T-0215,S-0108,Task,Phase 1 Launch,Content and SEO readiness,Define and prepare: Complete founder-led copy and authentic content inventory,"Complete content, design, data and control prerequisites for S-0108.",P0,M2,S-0108,3,16,Content/Brand,High,Planned,09_SEO_Content/02_Content_Strategy.md; 13_Appendices/03_Content_Inventory_Template.md,"Owner documents, assets and review checklist are complete and traceable."
T-0216,S-0108,Task,Phase 1 Launch,Content and SEO readiness,Implement and integrate: Complete founder-led copy and authentic content inventory,Implement the end-to-end experience and documented fallbacks for S-0108.,P0,M2,T-0215,3,16,Content/Brand,High,Planned,09_SEO_Content/02_Content_Strategy.md; 13_Appendices/03_Content_Inventory_Template.md,"Happy path, fallback, accessibility, truth and analytics controls pass."
ST-0108,T-0216,Subtask,Phase 1 Launch,Content and SEO readiness,Verify and evidence: Complete founder-led copy and authentic content inventory,"Run tests, capture evidence and update RTM/audit for S-0108.",P0,M2,T-0216,2,8,Quality,High,Planned,11_Engineering_Operations/02_Testing_Strategy.md; 12_Planning/05_Traceability_Matrix.md,Automated/manual evidence is linked; no unresolved blocking defect remains.
S-0109,F-0041,Story,Phase 1 Launch,Quality and UAT,"Run Brand, CX and Home usability acceptance","Validate six intents, navigation, trust, comprehension and conversion on target users/devices.",P0,M2,ST-0108,8,40,Quality/UX,High,Planned,04_Experience/03_Homepage_Wireframes.md; 13_Appendices/01_Quality_Checklists.md,"Validate six intents, navigation, trust, comprehension and conversion on target users/devices. Acceptance evidence is linked and approved."
T-0217,S-0109,Task,Phase 1 Launch,Quality and UAT,"Define and prepare: Run Brand, CX and Home usability acceptance","Complete content, design, data and control prerequisites for S-0109.",P0,M2,S-0109,3,16,Quality/UX,High,Planned,04_Experience/03_Homepage_Wireframes.md; 13_Appendices/01_Quality_Checklists.md,"Owner documents, assets and review checklist are complete and traceable."
T-0218,S-0109,Task,Phase 1 Launch,Quality and UAT,"Implement and integrate: Run Brand, CX and Home usability acceptance",Implement the end-to-end experience and documented fallbacks for S-0109.,P0,M2,T-0217,3,16,Quality/UX,High,Planned,04_Experience/03_Homepage_Wireframes.md; 13_Appendices/01_Quality_Checklists.md,"Happy path, fallback, accessibility, truth and analytics controls pass."
ST-0109,T-0218,Subtask,Phase 1 Launch,Quality and UAT,"Verify and evidence: Run Brand, CX and Home usability acceptance","Run tests, capture evidence and update RTM/audit for S-0109.",P0,M2,T-0218,2,8,Quality,High,Planned,11_Engineering_Operations/02_Testing_Strategy.md; 12_Planning/05_Traceability_Matrix.md,Automated/manual evidence is linked; no unresolved blocking defect remains.
F-0050,E-0001,Feature,Documentation Governance & Frozen Baseline,Operating system governance and release-candidate controls,Operating system governance and release-candidate controls,"Formalize Project DNA, AI authority, compliance gates and release-candidate governance without adding product scope.",P0,M0,ST-0109,56,280,Governance/Architecture,High,In Progress,000_PROJECT_CHARTER.md; 00_Foundation/00_Project_Constitution.md; ADR-0026,All governance stories accepted; prior IDs preserved; review pack ready; status remains NEEDS REVIEW.
S-0110,F-0050,Story,Documentation Governance & Frozen Baseline,Operating system governance and release-candidate controls,"Codify DNA, invariants and negative requirements","Deliver: Codify DNA, invariants and negative requirements.",P0,M0,F-0050,8,40,Governance/Architecture,High,Done,CR-0005; ADR-0026,Owner document updated; requirements traced; evidence and review criteria complete.
T-0219,S-0110,Task,Documentation Governance & Frozen Baseline,Operating system governance and release-candidate controls,Define and integrate Project DNA and invariants,Update the authoritative owner documents for Project DNA and invariants.,P0,M0,S-0110,3,16,Governance/Architecture,High,Done,CR-0005; ADR-0026,Normative content is integrated in-place with no duplicate owner.
T-0220,S-0110,Task,Documentation Governance & Frozen Baseline,Operating system governance and release-candidate controls,Implement controls and evidence for Project DNA and invariants,Create repeatable validation and evidence for Project DNA and invariants.,P0,M0,T-0219,3,16,Governance/Architecture,High,Done,Quality Gates; Documentation CI; Testing Strategy,Controls fail on a known violation and pass on the governed corpus.
ST-0110,T-0220,Subtask,Documentation Governance & Frozen Baseline,Operating system governance and release-candidate controls,Review and trace Project DNA and invariants,"Verify traceability, negative requirements and review evidence for Project DNA and invariants.",P0,M0,T-0220,2,8,Quality,High,Planned,RTM; Audit; CR-0005,Audit has no structural errors and evidence is reviewable by a new developer or agent.
S-0111,F-0050,Story,Documentation Governance & Frozen Baseline,Operating system governance and release-candidate controls,"Codify agent authority, stop conditions and Jarvis separation","Deliver: Codify agent authority, stop conditions and Jarvis separation.",P0,M0,ST-0110,8,40,AI Governance,High,Done,CR-0005; ADR-0026,Owner document updated; requirements traced; evidence and review criteria complete.
T-0221,S-0111,Task,Documentation Governance & Frozen Baseline,Operating system governance and release-candidate controls,Define and integrate AI Governance Charter and Development Contract,Update the authoritative owner documents for AI Governance Charter and Development Contract.,P0,M0,S-0111,3,16,AI Governance,High,Done,CR-0005; ADR-0026,Normative content is integrated in-place with no duplicate owner.
T-0222,S-0111,Task,Documentation Governance & Frozen Baseline,Operating system governance and release-candidate controls,Implement controls and evidence for AI Governance Charter and Development Contract,Create repeatable validation and evidence for AI Governance Charter and Development Contract.,P0,M0,T-0221,3,16,AI Governance,High,Done,Quality Gates; Documentation CI; Testing Strategy,Controls fail on a known violation and pass on the governed corpus.
ST-0111,T-0222,Subtask,Documentation Governance & Frozen Baseline,Operating system governance and release-candidate controls,Review and trace AI Governance Charter and Development Contract,"Verify traceability, negative requirements and review evidence for AI Governance Charter and Development Contract.",P0,M0,T-0222,2,8,Quality,High,Planned,RTM; Audit; CR-0005,Audit has no structural errors and evidence is reviewable by a new developer or agent.
S-0112,F-0050,Story,Documentation Governance & Frozen Baseline,Operating system governance and release-candidate controls,"Map change classes to Product Owner, Architect, CR and ADR authority","Deliver: Map change classes to Product Owner, Architect, CR and ADR authority.",P0,M0,ST-0111,8,40,Governance,High,Done,CR-0005; ADR-0026,Owner document updated; requirements traced; evidence and review criteria complete.
T-0223,S-0112,Task,Documentation Governance & Frozen Baseline,Operating system governance and release-candidate controls,Define and integrate Decision Authority Matrix,Update the authoritative owner documents for Decision Authority Matrix.,P0,M0,S-0112,3,16,Governance,High,Done,CR-0005; ADR-0026,Normative content is integrated in-place with no duplicate owner.
T-0224,S-0112,Task,Documentation Governance & Frozen Baseline,Operating system governance and release-candidate controls,Implement controls and evidence for Decision Authority Matrix,Create repeatable validation and evidence for Decision Authority Matrix.,P0,M0,T-0223,3,16,Governance,High,Done,Quality Gates; Documentation CI; Testing Strategy,Controls fail on a known violation and pass on the governed corpus.
ST-0112,T-0224,Subtask,Documentation Governance & Frozen Baseline,Operating system governance and release-candidate controls,Review and trace Decision Authority Matrix,"Verify traceability, negative requirements and review evidence for Decision Authority Matrix.",P0,M0,T-0224,2,8,Quality,High,Planned,RTM; Audit; CR-0005,Audit has no structural errors and evidence is reviewable by a new developer or agent.
S-0113,F-0050,Story,Documentation Governance & Frozen Baseline,Operating system governance and release-candidate controls,Define blocking architecture and phase-boundary gates,Deliver: Define blocking architecture and phase-boundary gates.,P0,M0,ST-0112,8,40,Architecture/Quality,High,Done,CR-0005; ADR-0026,Owner document updated; requirements traced; evidence and review criteria complete.
T-0225,S-0113,Task,Documentation Governance & Frozen Baseline,Operating system governance and release-candidate controls,Define and integrate Architecture Compliance Gates,Update the authoritative owner documents for Architecture Compliance Gates.,P0,M0,S-0113,3,16,Architecture/Quality,High,Done,CR-0005; ADR-0026,Normative content is integrated in-place with no duplicate owner.
T-0226,S-0113,Task,Documentation Governance & Frozen Baseline,Operating system governance and release-candidate controls,Implement controls and evidence for Architecture Compliance Gates,Create repeatable validation and evidence for Architecture Compliance Gates.,P0,M0,T-0225,3,16,Architecture/Quality,High,Done,Quality Gates; Documentation CI; Testing Strategy,Controls fail on a known violation and pass on the governed corpus.
ST-0113,T-0226,Subtask,Documentation Governance & Frozen Baseline,Operating system governance and release-candidate controls,Review and trace Architecture Compliance Gates,"Verify traceability, negative requirements and review evidence for Architecture Compliance Gates.",P0,M0,T-0226,2,8,Quality,High,Planned,RTM; Audit; CR-0005,Audit has no structural errors and evidence is reviewable by a new developer or agent.
S-0114,F-0050,Story,Documentation Governance & Frozen Baseline,Operating system governance and release-candidate controls,Embed traceability and compliance in the development workflow,Deliver: Embed traceability and compliance in the development workflow.,P0,M0,ST-0113,8,40,Engineering,High,Done,CR-0005; ADR-0026,Owner document updated; requirements traced; evidence and review criteria complete.
T-0227,S-0114,Task,Documentation Governance & Frozen Baseline,Operating system governance and release-candidate controls,Define and integrate Development Constitution,Update the authoritative owner documents for Development Constitution.,P0,M0,S-0114,3,16,Engineering,High,Done,CR-0005; ADR-0026,Normative content is integrated in-place with no duplicate owner.
T-0228,S-0114,Task,Documentation Governance & Frozen Baseline,Operating system governance and release-candidate controls,Implement controls and evidence for Development Constitution,Create repeatable validation and evidence for Development Constitution.,P0,M0,T-0227,3,16,Engineering,High,Done,Quality Gates; Documentation CI; Testing Strategy,Controls fail on a known violation and pass on the governed corpus.
ST-0114,T-0228,Subtask,Documentation Governance & Frozen Baseline,Operating system governance and release-candidate controls,Review and trace Development Constitution,"Verify traceability, negative requirements and review evidence for Development Constitution.",P0,M0,T-0228,2,8,Quality,High,Planned,RTM; Audit; CR-0005,Audit has no structural errors and evidence is reviewable by a new developer or agent.
S-0115,F-0050,Story,Documentation Governance & Frozen Baseline,Operating system governance and release-candidate controls,"Automate invariant, Jarvis, PrintFlow and human-review regression checks","Deliver: Automate invariant, Jarvis, PrintFlow and human-review regression checks.",P0,M0,ST-0114,8,40,Quality/Security,High,Planned,CR-0005; ADR-0026,Owner document updated; requirements traced; evidence and review criteria complete.
T-0229,S-0115,Task,Documentation Governance & Frozen Baseline,Operating system governance and release-candidate controls,Define and integrate Negative requirement verification,Update the authoritative owner documents for Negative requirement verification.,P0,M0,S-0115,3,16,Quality/Security,High,Planned,CR-0005; ADR-0026,Normative content is integrated in-place with no duplicate owner.
T-0230,S-0115,Task,Documentation Governance & Frozen Baseline,Operating system governance and release-candidate controls,Implement controls and evidence for Negative requirement verification,Create repeatable validation and evidence for Negative requirement verification.,P0,M0,T-0229,3,16,Quality/Security,High,Planned,Quality Gates; Documentation CI; Testing Strategy,Controls fail on a known violation and pass on the governed corpus.
ST-0115,T-0230,Subtask,Documentation Governance & Frozen Baseline,Operating system governance and release-candidate controls,Review and trace Negative requirement verification,"Verify traceability, negative requirements and review evidence for Negative requirement verification.",P0,M0,T-0230,2,8,Quality,High,Planned,RTM; Audit; CR-0005,Audit has no structural errors and evidence is reviewable by a new developer or agent.
S-0116,F-0050,Story,Documentation Governance & Frozen Baseline,Operating system governance and release-candidate controls,Prepare evidence for Lead Architect and Product Owner review without freezing baseline,Deliver: Prepare evidence for Lead Architect and Product Owner review without freezing baseline.,P0,M0,ST-0114,8,40,Governance/Architecture,High,Done,CR-0005; ADR-0026,Owner document updated; requirements traced; evidence and review criteria complete.
T-0231,S-0116,Task,Documentation Governance & Frozen Baseline,Operating system governance and release-candidate controls,Define and integrate Release-candidate architectural review pack,Update the authoritative owner documents for Release-candidate architectural review pack.,P0,M0,S-0116,3,16,Governance/Architecture,High,Done,CR-0005; ADR-0026,Normative content is integrated in-place with no duplicate owner.
T-0232,S-0116,Task,Documentation Governance & Frozen Baseline,Operating system governance and release-candidate controls,Implement controls and evidence for Release-candidate architectural review pack,Create repeatable validation and evidence for Release-candidate architectural review pack.,P0,M0,T-0231,3,16,Governance/Architecture,High,Done,Quality Gates; Documentation CI; Testing Strategy,Controls fail on a known violation and pass on the governed corpus.
ST-0116,T-0232,Subtask,Documentation Governance & Frozen Baseline,Operating system governance and release-candidate controls,Review and trace Release-candidate architectural review pack,"Verify traceability, negative requirements and review evidence for Release-candidate architectural review pack.",P0,M0,T-0232,2,8,Quality,High,Planned,RTM; Audit; CR-0005,Audit has no structural errors and evidence is reviewable by a new developer or agent.
